Name,mode,scale,label,validity,fid,sfid,is,precision,recall
guide_mode=classifier+scale=0.1+label=8,classifier,0.1,8,0.3652,91.93273813,114.6269429,7.021482468,0.350585938,0.57
guide_mode=classifier+scale=0.1+label=6,classifier,0.1,6,0.2471,90.92563673,137.488113,6.851516247,0.373046875,0.574
guide_mode=dynamic-two-0.5*a*(1-a)+scale=20+label=1,dynamic-two-0.5*a*(1-a),20,1,0.8208,39.47601466,122.0329791,3.34164381,0.606445313,0.517
guide_mode=dynamic-two-0.1*a*(1-a)+scale=20+label=1,dynamic-two-0.1*a*(1-a),20,1,0.8135,40.35925098,120.4998502,3.390681744,0.5859375,0.474
guide_mode=dynamic-fonly+scale=20+label=1,dynamic-fonly,20,1,0.8174,41.01689455,120.5252003,3.402999878,0.583984375,0.443
guide_mode=manifold+scale=2+label=1,manifold,2,1,0.7583,41.12757651,117.742019,3.625943184,0.551269531,0.517
guide_mode=dynamic-two-0.1*a-0.1*(1-a)+scale=20+label=1,dynamic-two-0.1*a-0.1*(1-a),20,1,0.8257,41.36445599,120.4194045,3.355816364,0.592285156,0.459
guide_mode=classifier+scale=0.1+label=1,classifier,0.1,1,0.2544,91.31600991,128.3873834,6.622757912,0.265625,0.627
guide_mode=manifold+scale=5+label=1,manifold,5,1,0.8374,43.0151285,120.6015044,3.541133165,0.59375,0.453
guide_mode=dynamic-nog-0.1*a+scale=20+label=1,dynamic-nog-0.1*a,20,1,0.8257,43.83993853,121.0964433,3.412744522,0.569335938,0.414
guide_mode=dynamic-nog-0.1+scale=20+label=1,dynamic-nog-0.1,20,1,0.8188,44.54667536,121.1898699,3.460477591,0.565429688,0.396
guide_mode=classifier+scale=0.25+label=8,classifier,0.25,8,0.7139,50.10962847,113.2602861,4.763685226,0.532226563,0.472
guide_mode=dynamic-two-0.5*a-0.5*(1-a)+scale=20+label=1,dynamic-two-0.5*a-0.5*(1-a),20,1,0.8169,46.32911208,123.8813494,3.346128702,0.563964844,0.405
guide_mode=classifier+scale=0.25+label=1,classifier,0.25,1,0.5557,50.80467534,116.1522749,4.372646809,0.458496094,0.554
guide_mode=classifier+scale=0.25+label=6,classifier,0.25,6,0.4985,60.22213357,130.3255532,5.336591721,0.483398438,0.553
guide_mode=manifold+scale=1+label=1,manifold,1,1,0.6523,48.45298267,118.4770481,4.190791607,0.482421875,0.559
guide_mode=dynamic-fonly+scale=2+label=8,dynamic-fonly,2,8,0.4697,81.43084269,112.7443244,5.952154636,0.381835938,0.584
guide_mode=dynamic-fonly+scale=5+label=8,dynamic-fonly,5,8,0.6567,58.83618454,111.2357555,4.879744053,0.455078125,0.543
guide_mode=dynamic-fonly+scale=20+label=8,dynamic-fonly,20,8,0.8354,43.89801454,112.9396623,4.087569237,0.567382813,0.475
guide_mode=dynamic-fonly+scale=50+label=8,dynamic-fonly,50,8,0.8384,53.44156082,114.1105496,4.277777672,0.533691406,0.434
guide_mode=classifier+scale=0.5+label=1,classifier,0.5,1,0.7344,36.3049335,113.7938747,3.531636477,0.588867188,0.519
guide_mode=dynamic-two-0.5*a*(1-a)+scale=50+label=1,dynamic-two-0.5*a*(1-a),50,1,0.856,50.88155734,126.7993059,3.488781452,0.583984375,0.436
guide_mode=dynamic-two-0.1*a*(1-a)+scale=5+label=1,dynamic-two-0.1*a*(1-a),5,1,0.5928,50.91736337,119.2403129,4.352523804,0.471191406,0.557
guide_mode=dynamic-two-0.5*a*(1-a)+scale=5+label=1,dynamic-two-0.5*a*(1-a),5,1,0.5923,51.08899322,123.0485658,4.364199162,0.486328125,0.58
guide_mode=dynamic-two-0.1*a-0.1*(1-a)+scale=5+label=1,dynamic-two-0.1*a-0.1*(1-a),5,1,0.6123,51.73640367,119.2535839,4.297528267,0.4609375,0.559
guide_mode=dynamic-fonly+scale=5+label=1,dynamic-fonly,5,1,0.5913,51.79402128,118.7818072,4.395249367,0.461425781,0.558
guide_mode=dynamic-two-0.1*a*(1-a)+scale=50+label=1,dynamic-two-0.1*a*(1-a),50,1,0.8413,51.83667632,125.9177474,3.502999067,0.557617188,0.423
guide_mode=dynamic-fonly+scale=100+label=8,dynamic-fonly,100,8,0.7866,68.79786826,115.9085438,4.55909729,0.469238281,0.414
guide_mode=dynamic-fonly+scale=50+label=1,dynamic-fonly,50,1,0.8403,53.07912344,126.0834126,3.45758152,0.559082031,0.384
guide_mode=dynamic-full-0.1*a*(1-a)+scale=2+label=8,dynamic-full-0.1*a*(1-a),2,8,0.1162,138.3623515,129.5940087,8.114790916,0.228027344,0.613
guide_mode=dynamic-full-0.1*a*(1-a)+scale=5+label=8,dynamic-full-0.1*a*(1-a),5,8,0.126,137.2833198,128.7624802,8.013393402,0.232421875,0.601
guide_mode=dynamic-full-0.1*a*(1-a)+scale=20+label=8,dynamic-full-0.1*a*(1-a),20,8,0.1699,128.861482,125.4735874,7.762411594,0.23828125,0.611
guide_mode=dynamic-two-0.5*a*(1-a)+scale=20+label=6,dynamic-two-0.5*a*(1-a),20,6,0.6753,54.02690002,134.4818168,4.502147675,0.579589844,0.569
guide_mode=dynamic-nog-0.5*a+scale=20+label=1,dynamic-nog-0.5*a,20,1,0.8193,54.11606435,126.1198626,3.477253675,0.518554688,0.299
guide_mode=dynamic-nog-0.1*a+scale=5+label=1,dynamic-nog-0.1*a,5,1,0.6011,54.31321114,118.6988286,4.355278492,0.440429688,0.528
guide_mode=dynamic-two-0.1*a-0.1*(1-a)+scale=50+label=1,dynamic-two-0.1*a-0.1*(1-a),50,1,0.8389,54.38383724,125.4693709,3.52741313,0.554199219,0.386
guide_mode=dynamic-one-0.5*(1-a)+scale=20+label=1,dynamic-one-0.5*(1-a),20,1,0.8149,54.68590987,122.6251958,3.550784349,0.502929688,0.342
guide_mode=dynamic-full-0.1*a*(1-a)+scale=50+label=8,dynamic-full-0.1*a*(1-a),50,8,0.2471,116.5137064,121.0831722,7.429808617,0.26171875,0.635
guide_mode=dynamic-two-0.5*a-0.5*(1-a)+scale=5+label=1,dynamic-two-0.5*a-0.5*(1-a),5,1,0.6421,54.93069514,124.3588883,4.075296879,0.459472656,0.523
guide_mode=dynamic-nog-0.1+scale=5+label=1,dynamic-nog-0.1,5,1,0.6045,55.44278685,119.0200423,4.398331642,0.450195313,0.511
guide_mode=dynamic-full-0.5*a*(1-a)+scale=100+label=1,dynamic-full-0.5*a*(1-a),100,1,0.5825,55.94340948,125.6081672,4.545647144,0.454101563,0.619
guide_mode=dynamic-full-0.1*a*(1-a)+scale=100+label=8,dynamic-full-0.1*a*(1-a),100,8,0.3306,103.9641137,117.7423469,6.769178867,0.299804688,0.608
guide_mode=dynamic-two-0.5*a-0.5*(1-a)+scale=50+label=1,dynamic-two-0.5*a-0.5*(1-a),50,1,0.8535,56.49585211,127.3970136,3.441827059,0.553222656,0.4
guide_mode=dynamic-nog-0.1*a+scale=50+label=1,dynamic-nog-0.1*a,50,1,0.8398,56.66526721,126.6447412,3.511458158,0.547363281,0.392
guide_mode=manifold+scale=2+label=6,manifold,2,6,0.6587,57.08065111,129.6277361,4.684647083,0.530761719,0.554
guide_mode=dynamic-two-0.1*a*(1-a)+scale=20+label=6,dynamic-two-0.1*a*(1-a),20,6,0.6763,57.24140943,131.8955407,4.5110116,0.5703125,0.539
guide_mode=dynamic-full-0.5*a*(1-a)+scale=2+label=8,dynamic-full-0.5*a*(1-a),2,8,0.1294,132.5400511,135.7987562,8.168455124,0.224121094,0.644
guide_mode=dynamic-nog-0.1+scale=50+label=1,dynamic-nog-0.1,50,1,0.8398,57.65968849,126.7328047,3.640099764,0.527832031,0.37
guide_mode=dynamic-full-0.5*a*(1-a)+scale=5+label=8,dynamic-full-0.5*a*(1-a),5,8,0.1724,125.2124831,132.7326073,7.781472683,0.235839844,0.639
guide_mode=dynamic-full-0.5*a*(1-a)+scale=20+label=8,dynamic-full-0.5*a*(1-a),20,8,0.3164,101.1177014,125.6202294,6.784034729,0.286621094,0.636
guide_mode=dynamic-fonly+scale=20+label=6,dynamic-fonly,20,6,0.6772,59.18560532,132.1858153,4.424276829,0.576171875,0.509
guide_mode=dynamic-nog-0.5+scale=20+label=1,dynamic-nog-0.5,20,1,0.8174,59.30221983,128.6301714,3.589627981,0.501464844,0.277
guide_mode=classifier+scale=0.5+label=6,classifier,0.5,6,0.7339,43.42364159,131.4425939,3.689566135,0.64453125,0.509
guide_mode=dynamic-full-0.5*a*(1-a)+scale=50+label=8,dynamic-full-0.5*a*(1-a),50,8,0.4722,78.75203823,120.332348,5.961142063,0.344238281,0.633
guide_mode=classifier+scale=0.5+label=8,classifier,0.5,8,0.9038,37.72568429,125.3649196,3.588686466,0.658691406,0.405
guide_mode=dynamic-two-0.5*a*(1-a)+scale=100+label=1,dynamic-two-0.5*a*(1-a),100,1,0.8193,61.32292645,127.6946329,3.943257809,0.522949219,0.438
guide_mode=manifold+scale=20+label=1,manifold,20,1,0.8164,61.7265249,127.4011376,3.76383543,0.516113281,0.423
guide_mode=manifold+scale=5+label=6,manifold,5,6,0.6914,61.74670197,132.2892549,4.635569572,0.550292969,0.526
guide_mode=dynamic-full-0.5*a*(1-a)+scale=100+label=8,dynamic-full-0.5*a*(1-a),100,8,0.5942,62.97816039,117.5002597,5.422237873,0.404296875,0.601
guide_mode=dynamic-two-0.5*a*(1-a)+scale=5+label=6,dynamic-two-0.5*a*(1-a),5,6,0.5107,62.96492125,134.3947698,5.525974274,0.466796875,0.629
guide_mode=dynamic-nog-0.1+scale=2+label=8,dynamic-nog-0.1,2,8,0.4634,92.83222273,115.2398268,5.807940006,0.384765625,0.515
guide_mode=dynamic-nog-0.1+scale=5+label=8,dynamic-nog-0.1,5,8,0.6558,71.00385163,115.7066552,5.029421329,0.468261719,0.496
guide_mode=dynamic-two-0.1*a-0.1*(1-a)+scale=20+label=6,dynamic-two-0.1*a-0.1*(1-a),20,6,0.6733,63.45615762,132.9296561,4.628310204,0.568359375,0.514
guide_mode=dynamic-two-0.1*a*(1-a)+scale=100+label=1,dynamic-two-0.1*a*(1-a),100,1,0.8188,63.48974371,126.9252016,3.856419086,0.505371094,0.422
guide_mode=dynamic-nog-0.1+scale=20+label=8,dynamic-nog-0.1,20,8,0.8389,54.72287883,118.618473,4.276014328,0.547363281,0.401
guide_mode=dynamic-fonly+scale=100+label=1,dynamic-fonly,100,1,0.812,64.26541848,126.8815396,3.983397722,0.479492188,0.442
guide_mode=manifold+scale=1+label=6,manifold,1,6,0.5522,64.63578082,130.3759205,5.162591457,0.471679688,0.579
guide_mode=dynamic-full-0.5*a*(1-a)+scale=100+label=6,dynamic-full-0.5*a*(1-a),100,6,0.4985,64.84294974,135.1258895,5.399273872,0.452148438,0.659
guide_mode=dynamic-nog-0.1+scale=50+label=8,dynamic-nog-0.1,50,8,0.8271,63.03601658,119.2985249,4.378638268,0.502441406,0.401
guide_mode=dynamic-one-0.1*(1-a)+scale=20+label=1,dynamic-one-0.1*(1-a),20,1,0.7974,65.19775937,127.8366452,3.652407169,0.452148438,0.281
guide_mode=dynamic-two-0.1*a*(1-a)+scale=5+label=6,dynamic-two-0.1*a*(1-a),5,6,0.5059,65.52963765,131.4326078,5.455046654,0.475585938,0.586
guide_mode=dynamic-two-0.1*a-0.1*(1-a)+scale=100+label=1,dynamic-two-0.1*a-0.1*(1-a),100,1,0.8184,65.54648387,126.9521096,3.821037054,0.510742188,0.38
guide_mode=dynamic-one-0.5*(1-a)+scale=50+label=1,dynamic-one-0.5*(1-a),50,1,0.8403,66.31513451,128.1846558,3.665589809,0.488769531,0.307
guide_mode=dynamic-two-0.5*a-0.5*(1-a)+scale=100+label=1,dynamic-two-0.5*a-0.5*(1-a),100,1,0.832,66.32417978,128.2089701,3.716487169,0.501953125,0.389
guide_mode=dynamic-nog-0.1*a+scale=20+label=6,dynamic-nog-0.1*a,20,6,0.665,66.53676481,133.0285414,4.626520157,0.547851563,0.476
guide_mode=dynamic-fonly+scale=5+label=6,dynamic-fonly,5,6,0.5083,66.95900392,131.1122542,5.400405407,0.472167969,0.575
guide_mode=dynamic-nog-0.5*a+scale=50+label=1,dynamic-nog-0.5*a,50,1,0.8364,66.99246833,130.6278201,3.628272533,0.466796875,0.267
guide_mode=dynamic-nog-0.5*a+scale=5+label=1,dynamic-nog-0.5*a,5,1,0.6191,67.1613945,123.9495759,4.309994221,0.397460938,0.373
guide_mode=dynamic-nog-0.1+scale=100+label=1,dynamic-nog-0.1,100,1,0.8203,67.21146913,127.7129401,3.789608717,0.48828125,0.372
guide_mode=dynamic-nog-0.1*a+scale=100+label=1,dynamic-nog-0.1*a,100,1,0.8198,67.46959281,127.3009271,3.871326208,0.487792969,0.376
guide_mode=dynamic-nog-0.1+scale=20+label=6,dynamic-nog-0.1,20,6,0.6748,68.17795881,133.2269129,4.439502239,0.553222656,0.482
guide_mode=dynamic-one-0.5*(1-a)+scale=5+label=1,dynamic-one-0.5*(1-a),5,1,0.6089,68.24046237,121.0079034,4.310615063,0.381835938,0.428
guide_mode=dynamic-nog-0.1+scale=100+label=8,dynamic-nog-0.1,100,8,0.7666,77.7564404,120.0015849,4.559937477,0.459472656,0.361
guide_mode=dynamic-nog-0.1*a+scale=2+label=8,dynamic-nog-0.1*a,2,8,0.4585,91.31622481,114.6664725,5.867586613,0.384765625,0.537
guide_mode=dynamic-nog-0.1*a+scale=5+label=8,dynamic-nog-0.1*a,5,8,0.6426,69.31960421,114.6611086,5.001235485,0.467773438,0.494
guide_mode=dynamic-full-0.5*a*(1-a)+scale=50+label=1,dynamic-full-0.5*a*(1-a),50,1,0.4414,70.5392404,129.11041,5.274729252,0.370117188,0.657
guide_mode=dynamic-nog-0.1*a+scale=20+label=8,dynamic-nog-0.1*a,20,8,0.8252,53.40788278,117.6236415,4.287524223,0.524902344,0.423
guide_mode=dynamic-nog-0.1*a+scale=50+label=8,dynamic-nog-0.1*a,50,8,0.8252,61.75401907,118.199799,4.38421917,0.506347656,0.414
guide_mode=dynamic-nog-0.1*a+scale=100+label=8,dynamic-nog-0.1*a,100,8,0.7559,78.3802595,119.3279533,4.72542429,0.458007813,0.36
guide_mode=dynamic-two-0.1*a-0.1*(1-a)+scale=5+label=6,dynamic-two-0.1*a-0.1*(1-a),5,6,0.5122,72.16552883,132.8409712,5.403593063,0.471191406,0.6
guide_mode=dynamic-two-0.5*a*(1-a)+scale=50+label=6,dynamic-two-0.5*a*(1-a),50,6,0.6123,72.29780393,138.7599122,5.188744545,0.537109375,0.525
guide_mode=dynamic-nog-0.5+scale=50+label=1,dynamic-nog-0.5,50,1,0.8296,72.46312012,132.4292274,3.674351931,0.455078125,0.237
guide_mode=dynamic-nog-0.5+scale=5+label=1,dynamic-nog-0.5,5,1,0.6069,74.07987414,128.1015027,4.292965889,0.379394531,0.348
guide_mode=dynamic-nog-0.5+scale=2+label=8,dynamic-nog-0.5,2,8,0.4536,122.7921648,131.0019954,4.889829636,0.392089844,0.359
guide_mode=dynamic-two-0.5*a*(1-a)+scale=2+label=1,dynamic-two-0.5*a*(1-a),2,1,0.3857,75.26699278,129.4523132,5.63957262,0.345703125,0.661
guide_mode=dynamic-two-0.5*a-0.5*(1-a)+scale=2+label=1,dynamic-two-0.5*a-0.5*(1-a),2,1,0.4438,75.28532086,129.5221196,5.085796356,0.352050781,0.571
guide_mode=dynamic-full-0.5*a*(1-a)+scale=50+label=6,dynamic-full-0.5*a*(1-a),50,6,0.3994,75.37217076,137.005121,5.935990334,0.4296875,0.674
guide_mode=dynamic-two-0.1*a-0.1*(1-a)+scale=2+label=1,dynamic-two-0.1*a-0.1*(1-a),2,1,0.4009,75.76389541,124.28076,5.444705963,0.331054688,0.596
guide_mode=dynamic-two-0.1*a*(1-a)+scale=50+label=6,dynamic-two-0.1*a*(1-a),50,6,0.6245,75.93920126,137.5690841,5.050132275,0.516601563,0.524
guide_mode=dynamic-two-0.1*a*(1-a)+scale=2+label=1,dynamic-two-0.1*a*(1-a),2,1,0.3804,76.30693456,125.0777383,5.557992458,0.334960938,0.626
guide_mode=dynamic-nog-0.1*a+scale=5+label=6,dynamic-nog-0.1*a,5,6,0.5171,76.3119966,132.6411884,5.360911369,0.453613281,0.527
guide_mode=dynamic-nog-0.5+scale=5+label=8,dynamic-nog-0.5,5,8,0.6216,107.2854307,134.0066524,4.703237534,0.440429688,0.347
guide_mode=dynamic-fonly+scale=2+label=1,dynamic-fonly,2,1,0.3813,77.31817194,124.5206382,5.586082935,0.329589844,0.615
guide_mode=dynamic-one-0.1*(1-a)+scale=50+label=1,dynamic-one-0.1*(1-a),50,1,0.8086,77.46074731,134.8347988,3.886322975,0.427246094,0.254
guide_mode=dynamic-one-0.5*(1-a)+scale=100+label=1,dynamic-one-0.5*(1-a),100,1,0.8145,77.58182052,128.7376997,3.769219875,0.456542969,0.307
guide_mode=dynamic-nog-0.5+scale=20+label=8,dynamic-nog-0.5,20,8,0.8071,88.06790438,135.8420051,4.316004753,0.507324219,0.297
guide_mode=dynamic-nog-0.5+scale=50+label=8,dynamic-nog-0.5,50,8,0.8042,91.23168355,133.5865171,4.49575758,0.461425781,0.289
guide_mode=dynamic-nog-0.1+scale=5+label=6,dynamic-nog-0.1,5,6,0.5166,77.98880416,133.1909462,5.310787201,0.453125,0.497
guide_mode=dynamic-two-0.5*a*(1-a)+scale=2+label=6,dynamic-two-0.5*a*(1-a),2,6,0.353,78.10500622,137.3098045,6.044168472,0.405273438,0.664
guide_mode=dynamic-nog-0.5+scale=100+label=8,dynamic-nog-0.5,100,8,0.7109,103.9169914,130.1443554,4.509026527,0.424804688,0.277
guide_mode=manifold+scale=50+label=1,manifold,50,1,0.7456,78.38910978,125.010881,4.27412796,0.431152344,0.379
guide_mode=dynamic-fonly+scale=50+label=6,dynamic-fonly,50,6,0.6104,78.66150702,137.8375401,5.079535961,0.51953125,0.478
guide_mode=dynamic-nog-0.5*a+scale=2+label=8,dynamic-nog-0.5*a,2,8,0.4463,115.6383596,124.1434476,5.142878532,0.40234375,0.392
guide_mode=dynamic-nog-0.5*a+scale=100+label=1,dynamic-nog-0.5*a,100,1,0.8105,78.72344246,131.0674663,3.933592319,0.436523438,0.297
guide_mode=dynamic-nog-0.5*a+scale=5+label=8,dynamic-nog-0.5*a,5,8,0.6157,98.29871211,126.1329477,4.952054977,0.444824219,0.414
guide_mode=dynamic-two-0.5*a-0.5*(1-a)+scale=20+label=6,dynamic-two-0.5*a-0.5*(1-a),20,6,0.6274,79.31728854,139.2367678,5.073130608,0.477539063,0.523
guide_mode=dynamic-nog-0.1*a+scale=2+label=1,dynamic-nog-0.1*a,2,1,0.3906,80.01014466,124.0700551,5.418486595,0.328125,0.553
guide_mode=dynamic-nog-0.5*a+scale=20+label=8,dynamic-nog-0.5*a,20,8,0.8066,80.5120599,129.5822271,4.496370792,0.520507813,0.335
guide_mode=dynamic-nog-0.5*a+scale=50+label=8,dynamic-nog-0.5*a,50,8,0.8018,85.05730963,128.1327899,4.509344101,0.46484375,0.335
guide_mode=dynamic-two-0.1*a*(1-a)+scale=2+label=6,dynamic-two-0.1*a*(1-a),2,6,0.3623,81.41142905,134.9663407,5.871233463,0.418945313,0.604
guide_mode=dynamic-nog-0.5*a+scale=100+label=8,dynamic-nog-0.5*a,100,8,0.7305,98.59235546,126.2574553,4.612563133,0.432128906,0.276
guide_mode=dynamic-nog-0.1+scale=2+label=1,dynamic-nog-0.1,2,1,0.3867,81.70119663,124.3578364,5.360774517,0.324707031,0.552
guide_mode=dynamic-nog-0.5+scale=100+label=1,dynamic-nog-0.5,100,1,0.8037,81.72822917,131.7042019,3.807427645,0.453125,0.27
guide_mode=dynamic-two-0.1*a-0.1*(1-a)+scale=50+label=6,dynamic-two-0.1*a-0.1*(1-a),50,6,0.605,82.73565866,139.5907063,5.288906097,0.504394531,0.448
guide_mode=dynamic-fonly+scale=2+label=6,dynamic-fonly,2,6,0.3652,83.08613027,134.9085161,5.889351845,0.417480469,0.588
guide_mode=dynamic-one-0.1*(1-a)+scale=2+label=8,dynamic-one-0.1*(1-a),2,8,0.4722,124.6923013,115.1723604,5.09091568,0.307617188,0.418
guide_mode=dynamic-one-0.1*(1-a)+scale=5+label=8,dynamic-one-0.1*(1-a),5,8,0.6538,111.0186623,115.4657189,4.856710911,0.35546875,0.425
guide_mode=dynamic-nog-0.1*a+scale=50+label=6,dynamic-nog-0.1*a,50,6,0.6182,84.68507691,139.2718377,4.979368687,0.49609375,0.463
guide_mode=dynamic-one-0.1*(1-a)+scale=20+label=8,dynamic-one-0.1*(1-a),20,8,0.8188,92.51006376,117.7250832,4.514605045,0.431152344,0.364
guide_mode=dynamic-one-0.1*(1-a)+scale=5+label=1,dynamic-one-0.1*(1-a),5,1,0.5571,85.20359665,126.3567324,4.364424706,0.349121094,0.331
guide_mode=dynamic-nog-0.1+scale=50+label=6,dynamic-nog-0.1,50,6,0.6104,85.72315897,139.2501343,5.045429707,0.508789063,0.472
guide_mode=dynamic-one-0.1*(1-a)+scale=100+label=1,dynamic-one-0.1*(1-a),100,1,0.7842,86.77102462,133.9466398,3.939728737,0.380371094,0.256
guide_mode=dynamic-one-0.1*(1-a)+scale=50+label=8,dynamic-one-0.1*(1-a),50,8,0.8091,92.4926986,117.9675965,4.472095966,0.439941406,0.357
guide_mode=dynamic-full-0.5*a*(1-a)+scale=20+label=6,dynamic-full-0.5*a*(1-a),20,6,0.2866,87.88889905,140.0210694,6.5386796,0.381347656,0.664
guide_mode=dynamic-one-0.1*(1-a)+scale=100+label=8,dynamic-one-0.1*(1-a),100,8,0.7383,104.9494463,117.5084611,4.551718712,0.406738281,0.275
guide_mode=dynamic-one-0.5*(1-a)+scale=2+label=8,dynamic-one-0.5*(1-a),2,8,0.4072,115.3779185,113.9014194,5.446375847,0.349609375,0.542
guide_mode=dynamic-two-0.1*a-0.1*(1-a)+scale=2+label=6,dynamic-two-0.1*a-0.1*(1-a),2,6,0.3677,88.79307386,136.2430331,5.974001408,0.414550781,0.565
guide_mode=dynamic-full-0.1*a*(1-a)+scale=100+label=6,dynamic-full-0.1*a*(1-a),100,6,0.292,90.19146172,138.2840317,6.504674911,0.379882813,0.613
guide_mode=classifier+scale=1.0+label=1,classifier,1,1,0.8447,33.01601225,115.796742,2.999480724,0.690917969,0.441
guide_mode=classifier+scale=1.0+label=6,classifier,1,6,0.8921,44.96441008,142.8239157,2.664008617,0.771972656,0.418
guide_mode=classifier+scale=1.0+label=8,classifier,1,8,0.9707,40.46092606,145.9388898,2.986890078,0.736816406,0.292
guide_mode=dynamic-two-0.5*a-0.5*(1-a)+scale=5+label=6,dynamic-two-0.5*a-0.5*(1-a),5,6,0.4824,90.93542871,140.26363,5.880269051,0.429199219,0.613
guide_mode=dynamic-one-0.5*(1-a)+scale=5+label=8,dynamic-one-0.5*(1-a),5,8,0.5947,97.29910358,111.6213438,5.18770647,0.412597656,0.455
guide_mode=classifier+scale=2.0+label=1,classifier,2,1,0.9165,37.43591813,121.9413132,2.95593667,0.710449219,0.382
guide_mode=classifier+scale=2.0+label=8,classifier,2,8,0.9854,49.90988822,176.0733061,2.604268789,0.769042969,0.189
guide_mode=classifier+scale=2.0+label=6,classifier,2,6,0.9521,59.63297512,163.3319807,2.181533813,0.844726563,0.32
guide_mode=dynamic-one-0.5*(1-a)+scale=20+label=8,dynamic-one-0.5*(1-a),20,8,0.771,78.72124893,112.1047669,4.569794178,0.474121094,0.417
guide_mode=dynamic-one-0.5*(1-a)+scale=50+label=8,dynamic-one-0.5*(1-a),50,8,0.7886,83.27370172,113.4229175,4.622972965,0.461914063,0.35
guide_mode=dynamic-one-0.5*(1-a)+scale=100+label=8,dynamic-one-0.5*(1-a),100,8,0.7192,94.41345594,114.680083,4.673456192,0.415527344,0.299
guide_mode=dynamic-two-0.1*a*(1-a)+scale=2+label=8,dynamic-two-0.1*a*(1-a),2,8,0.4629,80.1616058,113.3379788,5.968623161,0.368164063,0.588
guide_mode=dynamic-two-0.1*a*(1-a)+scale=5+label=8,dynamic-two-0.1*a*(1-a),5,8,0.6523,57.55339101,111.1358873,4.84860754,0.469238281,0.526
guide_mode=dynamic-two-0.1*a*(1-a)+scale=20+label=8,dynamic-two-0.1*a*(1-a),20,8,0.834,42.86745182,112.1079804,4.005180359,0.577148438,0.476
guide_mode=dynamic-two-0.1*a*(1-a)+scale=50+label=8,dynamic-two-0.1*a*(1-a),50,8,0.8359,52.58170315,113.5954031,4.155982971,0.545898438,0.437
guide_mode=dynamic-nog-0.5*a+scale=2+label=1,dynamic-nog-0.5*a,2,1,0.4087,93.09115304,130.0577108,5.078410625,0.282226563,0.402
guide_mode=dynamic-one-0.5*(1-a)+scale=2+label=1,dynamic-one-0.5*(1-a),2,1,0.3916,93.38972391,126.2228394,5.05198431,0.297851563,0.466
guide_mode=dynamic-two-0.5*a*(1-a)+scale=100+label=6,dynamic-two-0.5*a*(1-a),100,6,0.5566,93.49709359,144.5362673,5.483576298,0.463867188,0.512
guide_mode=dynamic-nog-0.5*a+scale=20+label=6,dynamic-nog-0.5*a,20,6,0.6665,93.5780557,140.7989118,4.46837759,0.5,0.305
guide_mode=dynamic-nog-0.1*a+scale=2+label=6,dynamic-nog-0.1*a,2,6,0.3701,94.09309999,137.2600727,5.866645336,0.395996094,0.514
guide_mode=dynamic-two-0.1*a*(1-a)+scale=100+label=8,dynamic-two-0.1*a*(1-a),100,8,0.7705,68.86671694,115.7143368,4.479023933,0.472167969,0.403
guide_mode=dynamic-full-0.5*a*(1-a)+scale=20+label=1,dynamic-full-0.5*a*(1-a),20,1,0.2729,95.48884541,135.6900352,6.248077869,0.266113281,0.684
guide_mode=dynamic-full-0.1*a*(1-a)+scale=100+label=1,dynamic-full-0.1*a*(1-a),100,1,0.2764,95.59620577,130.7120738,6.157912731,0.264648438,0.661
guide_mode=dynamic-two-0.5*a-0.5*(1-a)+scale=50+label=6,dynamic-two-0.5*a-0.5*(1-a),50,6,0.584,96.12328584,143.9050973,5.23022604,0.486328125,0.457
guide_mode=dynamic-nog-0.1+scale=2+label=6,dynamic-nog-0.1,2,6,0.3789,96.37504158,138.1991174,5.818576813,0.390136719,0.511
guide_mode=dynamic-two-0.1*a-0.1*(1-a)+scale=2+label=8,dynamic-two-0.1*a-0.1*(1-a),2,8,0.4399,87.70010239,114.7395368,5.923248768,0.369140625,0.586
guide_mode=manifold+scale=20+label=6,manifold,20,6,0.561,97.72124369,142.9016837,5.618133545,0.461425781,0.46
guide_mode=dynamic-two-0.1*a-0.1*(1-a)+scale=5+label=8,dynamic-two-0.1*a-0.1*(1-a),5,8,0.6294,65.10866423,112.8961669,4.840438843,0.467773438,0.516
guide_mode=dynamic-two-0.1*a-0.1*(1-a)+scale=20+label=8,dynamic-two-0.1*a-0.1*(1-a),20,8,0.8149,49.11617115,114.8511979,4.077025414,0.540527344,0.434
guide_mode=dynamic-full-0.1*a*(1-a)+scale=50+label=6,dynamic-full-0.1*a*(1-a),50,6,0.2041,98.9273892,141.9635997,7.007950783,0.348144531,0.619
guide_mode=dynamic-one-0.5*(1-a)+scale=20+label=6,dynamic-one-0.5*(1-a),20,6,0.6431,99.98385361,138.7310783,4.913715363,0.458007813,0.358
guide_mode=dynamic-two-0.1*a-0.1*(1-a)+scale=50+label=8,dynamic-two-0.1*a-0.1*(1-a),50,8,0.8223,58.65351041,115.727392,4.283689976,0.497070313,0.408
guide_mode=dynamic-two-0.1*a*(1-a)+scale=100+label=6,dynamic-two-0.1*a*(1-a),100,6,0.5371,100.466376,144.4925614,5.663165569,0.438476563,0.461
guide_mode=dynamic-two-0.1*a-0.1*(1-a)+scale=100+label=8,dynamic-two-0.1*a-0.1*(1-a),100,8,0.7559,74.19855215,117.5398967,4.64688015,0.462402344,0.386
guide_mode=dynamic-nog-0.5+scale=20+label=6,dynamic-nog-0.5,20,6,0.6514,101.4270501,144.1783305,4.567792416,0.473632813,0.285
guide_mode=dynamic-nog-0.5+scale=2+label=1,dynamic-nog-0.5,2,1,0.3735,102.5710888,136.4903969,4.879049301,0.272949219,0.369
guide_mode=dynamic-fonly+scale=100+label=6,dynamic-fonly,100,6,0.5483,103.1172041,144.7896635,5.630896568,0.442382813,0.467
guide_mode=dynamic-two-0.5*a*(1-a)+scale=2+label=8,dynamic-two-0.5*a*(1-a),2,8,0.4561,76.75939843,119.2226069,5.889364719,0.376464844,0.611
guide_mode=dynamic-two-0.5*a*(1-a)+scale=5+label=8,dynamic-two-0.5*a*(1-a),5,8,0.6357,53.6825599,113.9782365,4.748650074,0.473632813,0.572
guide_mode=dynamic-full-0.5*a*(1-a)+scale=5+label=6,dynamic-full-0.5*a*(1-a),5,6,0.1367,104.245203,145.4027405,7.673048496,0.340820313,0.651
guide_mode=dynamic-two-0.5*a*(1-a)+scale=20+label=8,dynamic-two-0.5*a*(1-a),20,8,0.8306,39.07175473,111.7858145,3.747762918,0.587402344,0.502
guide_mode=dynamic-two-0.5*a-0.5*(1-a)+scale=2+label=6,dynamic-two-0.5*a-0.5*(1-a),2,6,0.3516,105.5994952,143.519537,6.178374767,0.378417969,0.635
guide_mode=dynamic-two-0.1*a-0.1*(1-a)+scale=100+label=6,dynamic-two-0.1*a-0.1*(1-a),100,6,0.5474,106.7914779,145.9291971,5.460429192,0.440917969,0.419
guide_mode=dynamic-two-0.5*a*(1-a)+scale=50+label=8,dynamic-two-0.5*a*(1-a),50,8,0.8315,48.50621012,113.2993477,4.025447369,0.54296875,0.436
guide_mode=dynamic-nog-0.1+scale=100+label=6,dynamic-nog-0.1,100,6,0.5352,107.796123,146.584153,5.232972145,0.452148438,0.387
guide_mode=dynamic-nog-0.5*a+scale=50+label=6,dynamic-nog-0.5*a,50,6,0.6108,107.9027958,145.2643366,4.934400558,0.480957031,0.296
guide_mode=dynamic-full-0.1*a*(1-a)+scale=20+label=6,dynamic-full-0.1*a*(1-a),20,6,0.1284,108.9778459,146.7208509,7.880126476,0.327148438,0.6
guide_mode=dynamic-nog-0.1*a+scale=100+label=6,dynamic-nog-0.1*a,100,6,0.5415,109.0326226,145.812807,5.669751167,0.446289063,0.363
guide_mode=dynamic-nog-0.5*a+scale=5+label=6,dynamic-nog-0.5*a,5,6,0.4888,109.5580871,144.5977555,5.178346157,0.387695313,0.37
guide_mode=dynamic-one-0.1*(1-a)+scale=20+label=6,dynamic-one-0.1*(1-a),20,6,0.6406,110.8885349,141.5248712,4.678214073,0.446289063,0.221
guide_mode=dynamic-two-0.5*a*(1-a)+scale=100+label=8,dynamic-two-0.5*a*(1-a),100,8,0.7651,64.11557494,115.1445567,4.424347401,0.4921875,0.423
guide_mode=dynamic-full-0.1*a*(1-a)+scale=50+label=1,dynamic-full-0.1*a*(1-a),50,1,0.1777,111.9932418,135.6167583,6.695183754,0.201171875,0.642
guide_mode=dynamic-full-0.5*a*(1-a)+scale=2+label=6,dynamic-full-0.5*a*(1-a),2,6,0.0981,112.1150076,148.1030654,8.065301895,0.331542969,0.643
guide_mode=dynamic-nog-0.5+scale=50+label=6,dynamic-nog-0.5,50,6,0.5991,112.4681705,147.732858,4.841166496,0.462402344,0.26
guide_mode=dynamic-one-0.1*(1-a)+scale=2+label=1,dynamic-one-0.1*(1-a),2,1,0.3242,113.2652723,132.9504112,5.002885818,0.246582031,0.347
guide_mode=dynamic-one-0.5*(1-a)+scale=5+label=6,dynamic-one-0.5*(1-a),5,6,0.459,115.2326516,140.8160429,5.477352142,0.417480469,0.432
guide_mode=dynamic-two-0.5*a-0.5*(1-a)+scale=2+label=8,dynamic-two-0.5*a-0.5*(1-a),2,8,0.3613,100.1279495,127.3532171,5.555459023,0.322753906,0.584
guide_mode=dynamic-two-0.5*a-0.5*(1-a)+scale=5+label=8,dynamic-two-0.5*a-0.5*(1-a),5,8,0.5469,77.92491288,121.9484884,4.950870037,0.423828125,0.519
guide_mode=dynamic-full-0.1*a*(1-a)+scale=5+label=6,dynamic-full-0.1*a*(1-a),5,6,0.0815,116.0231488,150.2195488,7.999214172,0.328613281,0.595
guide_mode=dynamic-one-0.5*(1-a)+scale=50+label=6,dynamic-one-0.5*(1-a),50,6,0.5762,116.0595106,144.7202543,5.3089118,0.440917969,0.334
guide_mode=dynamic-two-0.5*a-0.5*(1-a)+scale=20+label=8,dynamic-two-0.5*a-0.5*(1-a),20,8,0.7563,60.19060396,119.0119938,4.10009861,0.515625,0.402
guide_mode=dynamic-full-0.1*a*(1-a)+scale=2+label=6,dynamic-full-0.1*a*(1-a),2,6,0.0718,117.4094919,150.9266758,8.034475327,0.327148438,0.594
guide_mode=dynamic-nog-0.5+scale=5+label=6,dynamic-nog-0.5,5,6,0.4746,119.0573181,151.3729819,5.079770565,0.380859375,0.291
guide_mode=dynamic-two-0.5*a-0.5*(1-a)+scale=100+label=6,dynamic-two-0.5*a-0.5*(1-a),100,6,0.5356,120.8300338,149.6852762,5.694037914,0.428710938,0.445
guide_mode=dynamic-full-0.5*a*(1-a)+scale=5+label=1,dynamic-full-0.5*a*(1-a),5,1,0.1255,120.9034207,144.3883331,7.527911186,0.1796875,0.624
guide_mode=dynamic-two-0.5*a-0.5*(1-a)+scale=50+label=8,dynamic-two-0.5*a-0.5*(1-a),50,8,0.7642,70.58813071,119.7001892,4.115904808,0.46484375,0.366
guide_mode=dynamic-one-0.1*(1-a)+scale=50+label=6,dynamic-one-0.1*(1-a),50,6,0.5732,123.4341112,146.7438063,4.925593376,0.42578125,0.211
guide_mode=manifold+scale=50+label=6,manifold,50,6,0.4976,124.1275526,149.0177776,5.672109127,0.395019531,0.4
guide_mode=dynamic-full-0.1*a*(1-a)+scale=20+label=1,dynamic-full-0.1*a*(1-a),20,1,0.1152,124.3875352,141.3502566,7.654366016,0.162109375,0.61
guide_mode=dynamic-two-0.5*a-0.5*(1-a)+scale=100+label=8,dynamic-two-0.5*a-0.5*(1-a),100,8,0.7021,84.46735186,120.8292502,4.602209568,0.438964844,0.367
guide_mode=manifold+scale=1+label=8,manifold,1,8,0.6948,56.06576214,110.6211455,4.669867516,0.474121094,0.534
guide_mode=dynamic-nog-0.5*a+scale=100+label=6,dynamic-nog-0.5*a,100,6,0.5435,125.4326073,151.740009,5.248906612,0.441894531,0.285
guide_mode=dynamic-nog-0.5*a+scale=2+label=6,dynamic-nog-0.5*a,2,6,0.3555,125.9802506,151.8840207,5.332092285,0.360351563,0.36
guide_mode=dynamic-full-0.5*a*(1-a)+scale=2+label=1,dynamic-full-0.5*a*(1-a),2,1,0.0923,127.7496073,146.6986465,8.098011017,0.158691406,0.62
guide_mode=dynamic-one-0.5*(1-a)+scale=100+label=6,dynamic-one-0.5*(1-a),100,6,0.5352,128.6857382,150.1330745,5.430869579,0.440429688,0.317
guide_mode=dynamic-one-0.1*(1-a)+scale=5+label=6,dynamic-one-0.1*(1-a),5,6,0.4424,128.7093736,146.8004681,5.104187965,0.384277344,0.258
guide_mode=manifold+scale=2+label=8,manifold,2,8,0.8091,46.89473095,110.9718601,4.326877117,0.536621094,0.512
guide_mode=dynamic-full-0.1*a*(1-a)+scale=5+label=1,dynamic-full-0.1*a*(1-a),5,1,0.0806,131.605534,144.1355136,8.112687111,0.139648438,0.627
guide_mode=manifold+scale=5+label=8,manifold,5,8,0.8608,46.66950853,112.2766205,4.035800934,0.549804688,0.438
guide_mode=dynamic-full-0.1*a*(1-a)+scale=2+label=1,dynamic-full-0.1*a*(1-a),2,1,0.0728,132.8513589,144.7172724,8.08893013,0.134277344,0.612
guide_mode=dynamic-nog-0.5+scale=100+label=6,dynamic-nog-0.5,100,6,0.5254,133.5333989,153.2874134,5.379141331,0.404785156,0.272
guide_mode=dynamic-one-0.5*(1-a)+scale=2+label=6,dynamic-one-0.5*(1-a),2,6,0.3223,133.551995,147.1349162,5.488903522,0.368164063,0.389
guide_mode=dynamic-nog-0.5+scale=2+label=6,dynamic-nog-0.5,2,6,0.3247,134.378238,160.9763292,5.2111063,0.34765625,0.294
guide_mode=dynamic-one-0.1*(1-a)+scale=100+label=6,dynamic-one-0.1*(1-a),100,6,0.5205,136.7349427,151.0175411,5.259345055,0.403808594,0.212
guide_mode=manifold+scale=20+label=8,manifold,20,8,0.7637,70.60154539,115.1539238,4.599548817,0.482421875,0.403
guide_mode=manifold+scale=50+label=8,manifold,50,8,0.6855,88.27116548,117.174799,4.982554436,0.427246094,0.369
guide_mode=dynamic-one-0.1*(1-a)+scale=2+label=6,dynamic-one-0.1*(1-a),2,6,0.2842,142.8432455,153.9272796,5.023994446,0.327636719,0.244
