"Name","setting","iteration","mode","scale","timesteps","label","validity","fid","sfid","is","precision","recall","shrink_x0"
"guide_mode=manifold+scale=30+label=5+setting=present+iter=1+shrink_cond_x0=False+timesteps=100","present","1","manifold","30","100","5","0.7534","93.2638909796956","125.5461381273426","6.5725250244140625","0.59326171875","0.555","false"
"guide_mode=manifold+scale=30+label=3+setting=present+iter=1+shrink_cond_x0=False+timesteps=100","present","1","manifold","30","100","3","0.646","56.77503553935679","127.54735711812792","5.5611419677734375","0.51416015625","0.556","false"
"guide_mode=manifold+scale=30+label=9+setting=present+iter=1+shrink_cond_x0=False+timesteps=100","present","1","manifold","30","100","9","0.7471","52.592534133887995","122.75740896683476","3.5845835208892822","0.44140625","0.642","false"
"guide_mode=manifold+scale=30+label=1+setting=present+iter=1+shrink_cond_x0=False+timesteps=100","present","1","manifold","30","100","1","0.856","39.00299010375588","120.49105754408596","3.2817461490631104","0.6396484375","0.496","false"
"guide_mode=manifold+scale=30+label=7+setting=present+iter=1+shrink_cond_x0=False+timesteps=100","present","1","manifold","30","100","7","0.7378","53.828957911006626","110.63096042338988","5.178079128265381","0.4765625","0.545","false"
"guide_mode=manifold+scale=25+label=5+setting=present+iter=1+shrink_cond_x0=False+timesteps=100","present","1","manifold","25","100","5","0.7539","87.50217825219664","125.01719333179516","6.321873188018799","0.59619140625","0.605","false"
"guide_mode=manifold+scale=25+label=3+setting=present+iter=1+shrink_cond_x0=False+timesteps=100","present","1","manifold","25","100","3","0.6504","53.71778170970214","127.48482946650984","5.308004379272461","0.5322265625","0.566","false"
"guide_mode=manifold+scale=25+label=9+setting=present+iter=1+shrink_cond_x0=False+timesteps=100","present","1","manifold","25","100","9","0.7393","53.637386669900366","123.26903833957488","3.6514151096343994","0.43798828125","0.646","false"
"guide_mode=manifold+scale=25+label=1+setting=present+iter=1+shrink_cond_x0=False+timesteps=100","present","1","manifold","25","100","1","0.8335","38.84169317606461","120.05188695422636","3.374375820159912","0.63037109375","0.486","false"
"guide_mode=manifold+scale=25+label=7+setting=present+iter=1+shrink_cond_x0=False+timesteps=100","present","1","manifold","25","100","7","0.7305","52.98575076636109","110.5940469184061","5.0905375480651855","0.48193359375","0.559","false"
"guide_mode=manifold+scale=15+label=9+setting=present+iter=1+shrink_cond_x0=False+timesteps=100","present","1","manifold","15","100","9","0.6899","56.08329021936345","122.10696687045834","3.929638385772705","0.41162109375","0.64","false"
"guide_mode=manifold+scale=15+label=3+setting=present+iter=1+shrink_cond_x0=False+timesteps=100","present","1","manifold","15","100","3","0.6406","52.24087555777862","126.82029216311209","5.292206287384033","0.5556640625","0.598","false"
"guide_mode=manifold+scale=15+label=5+setting=present+iter=1+shrink_cond_x0=False+timesteps=100","present","1","manifold","15","100","5","0.7529","78.92830053350178","123.1852517247098","6.403740882873535","0.5712890625","0.582","false"
"guide_mode=manifold+scale=15+label=7+setting=present+iter=1+shrink_cond_x0=False+timesteps=100","present","1","manifold","15","100","7","0.6592","54.462046645380155","110.26152268155433","5.383480548858643","0.48876953125","0.575","false"
"guide_mode=manifold+scale=15+label=1+setting=present+iter=1+shrink_cond_x0=False+timesteps=100","present","1","manifold","15","100","1","0.7964","36.915574308412545","118.55152954353014","3.50455093383789","0.59814453125","0.524","false"
"guide_mode=manifold+scale=30+label=8+setting=present+iter=1+shrink_cond_x0=False+timesteps=100","present","1","manifold","30","100","8","0.8555","39.27783801646291","111.20604648450524","3.711398124694824","0.59765625","0.468","false"
"guide_mode=manifold+scale=30+label=4+setting=present+iter=1+shrink_cond_x0=False+timesteps=100","present","1","manifold","30","100","4","0.7163","64.0235755892611","126.95809699707092","5.900582313537598","0.63720703125","0.537","false"
"guide_mode=manifold+scale=30+label=2+setting=present+iter=1+shrink_cond_x0=False+timesteps=100","present","1","manifold","30","100","2","0.6646","60.58530048014143","124.18931211895824","5.865118503570557","0.71240234375","0.365","false"
"guide_mode=manifold+scale=30+label=6+setting=present+iter=1+shrink_cond_x0=False+timesteps=100","present","1","manifold","30","100","6","0.7314","49.93183784092429","132.67914089889962","4.3014726638793945","0.59716796875","0.552","false"
"guide_mode=manifold+scale=30+label=0+setting=present+iter=1+shrink_cond_x0=False+timesteps=100","present","1","manifold","30","100","0","0.5957","67.66390948226098","122.14656327611442","6.117696285247803","0.4423828125","0.586","false"
"guide_mode=manifold+scale=25+label=8+setting=present+iter=1+shrink_cond_x0=False+timesteps=100","present","1","manifold","25","100","8","0.8462","39.76532692348803","111.04971134771245","3.817211627960205","0.58935546875","0.479","false"
"guide_mode=manifold+scale=25+label=4+setting=present+iter=1+shrink_cond_x0=False+timesteps=100","present","1","manifold","25","100","4","0.6929","62.869203004406415","126.99150116198678","6.033444881439209","0.64892578125","0.548","false"
"guide_mode=manifold+scale=25+label=2+setting=present+iter=1+shrink_cond_x0=False+timesteps=100","present","1","manifold","25","100","2","0.6519","59.860403022779224","123.94466123355572","5.714354991912842","0.69677734375","0.393","false"
"guide_mode=manifold+scale=25+label=6+setting=present+iter=1+shrink_cond_x0=False+timesteps=100","present","1","manifold","25","100","6","0.7349","48.40985119115322","132.12464517792512","4.214287757873535","0.595703125","0.567","false"
"guide_mode=manifold+scale=25+label=0+setting=present+iter=1+shrink_cond_x0=False+timesteps=100","present","1","manifold","25","100","0","0.5884","66.50414587514206","121.85624982424748","6.046154022216797","0.44775390625","0.618","false"
"guide_mode=manifold+scale=15+label=8+setting=present+iter=1+shrink_cond_x0=False+timesteps=100","present","1","manifold","15","100","8","0.8022","41.45905713804342","110.83830962623972","4.076628684997559","0.57763671875","0.484","false"
"guide_mode=manifold+scale=15+label=6+setting=present+iter=1+shrink_cond_x0=False+timesteps=100","present","1","manifold","15","100","6","0.6777","50.97917185832267","130.1332910609832","4.6346049308776855","0.572265625","0.591","false"
"guide_mode=manifold+scale=15+label=4+setting=present+iter=1+shrink_cond_x0=False+timesteps=100","present","1","manifold","15","100","4","0.689","63.77915497749581","127.1686479248874","6.092190265655518","0.6142578125","0.573","false"
"guide_mode=manifold+scale=15+label=2+setting=present+iter=1+shrink_cond_x0=False+timesteps=100","present","1","manifold","15","100","2","0.6157","59.83530934861028","123.4341940096458","5.78489351272583","0.708984375","0.417","false"
"guide_mode=manifold+scale=15+label=0+setting=present+iter=1+shrink_cond_x0=False+timesteps=100","present","1","manifold","15","100","0","0.521","67.38805448397363","120.91570372336366","6.080943584442139","0.453125","0.623","false"
"guide_mode=dynamic-two-0.1-did+scale=30+label=3+setting=present+iter=1+shrink_cond_x0=False+timesteps=50","present","1","dynamic-two-0.1-did","30","50","3","0.4985","74.42127702492928","132.09847993670758","5.992860317230225","0.46826171875","0.57","false"
"guide_mode=dynamic-two-0.1-did+scale=30+label=9+setting=present+iter=1+shrink_cond_x0=False+timesteps=50","present","1","dynamic-two-0.1-did","30","50","9","0.7393","60.082779658219835","132.43922704476563","4.02811336517334","0.42333984375","0.618","false"
"guide_mode=dynamic-two-0.1-did+scale=30+label=5+setting=present+iter=1+shrink_cond_x0=False+timesteps=50","present","1","dynamic-two-0.1-did","30","50","5","0.7744","103.30352770943011","128.99126228554803","6.3546624183654785","0.5908203125","0.514","false"
"guide_mode=dynamic-two-0.1-did+scale=30+label=7+setting=present+iter=1+shrink_cond_x0=False+timesteps=50","present","1","dynamic-two-0.1-did","30","50","7","0.7178","67.43327243281647","124.06047862171827","5.424862861633301","0.4599609375","0.548","false"
"guide_mode=dynamic-two-0.1-did+scale=25+label=3+setting=present+iter=1+shrink_cond_x0=False+timesteps=50","present","1","dynamic-two-0.1-did","25","50","3","0.522","69.65318986917885","132.15829795419745","6.004210472106934","0.4873046875","0.598","false"
"guide_mode=dynamic-two-0.1-did+scale=25+label=9+setting=present+iter=1+shrink_cond_x0=False+timesteps=50","present","1","dynamic-two-0.1-did","25","50","9","0.7383","56.58524387256992","131.61220288069364","3.894115686416626","0.40478515625","0.653","false"
"guide_mode=dynamic-two-0.1-did+scale=25+label=7+setting=present+iter=1+shrink_cond_x0=False+timesteps=50","present","1","dynamic-two-0.1-did","25","50","7","0.7139","65.76743092516813","123.87494823273651","5.2654852867126465","0.45458984375","0.539","false"
"guide_mode=dynamic-two-0.1-did+scale=25+label=5+setting=present+iter=1+shrink_cond_x0=False+timesteps=50","present","1","dynamic-two-0.1-did","25","50","5","0.7842","94.54373412937916","128.02740597223544","6.185518264770508","0.5703125","0.521","false"
"guide_mode=dynamic-two-0.1-did+scale=15+label=3+setting=present+iter=1+shrink_cond_x0=False+timesteps=50","present","1","dynamic-two-0.1-did","15","50","3","0.5996","52.02010753087956","131.16234911504614","5.413012981414795","0.55419921875","0.611","false"
"guide_mode=dynamic-two-0.1-did+scale=30+label=1+setting=present+iter=1+shrink_cond_x0=False+timesteps=50","present","1","dynamic-two-0.1-did","30","50","1","0.8486","43.74084168147377","126.11738098971432","3.455439805984497","0.591796875","0.53","false"
"guide_mode=dynamic-two-0.1-did+scale=15+label=9+setting=present+iter=1+shrink_cond_x0=False+timesteps=50","present","1","dynamic-two-0.1-did","15","50","9","0.7485","53.751663953959905","129.72208954506505","3.749316692352295","0.42578125","0.656","false"
"guide_mode=dynamic-two-0.1-did+scale=15+label=7+setting=present+iter=1+shrink_cond_x0=False+timesteps=50","present","1","dynamic-two-0.1-did","15","50","7","0.6846","61.84278610909047","123.64883943232326","5.325882911682129","0.48828125","0.556","false"
"guide_mode=dynamic-two-0.1-did+scale=15+label=5+setting=present+iter=1+shrink_cond_x0=False+timesteps=50","present","1","dynamic-two-0.1-did","15","50","5","0.8247","74.81417804522067","125.74893049008551","6.246682643890381","0.61865234375","0.562","false"
"guide_mode=dynamic-two-0.1-did+scale=100+label=3+setting=present+iter=1+shrink_cond_x0=False+timesteps=50","present","1","dynamic-two-0.1-did","100","50","3","0.3027","149.44376079199355","135.67476136388882","6.287014961242676","0.3076171875","0.585","false"
"guide_mode=dynamic-two-0.1-did+scale=100+label=9+setting=present+iter=1+shrink_cond_x0=False+timesteps=50","present","1","dynamic-two-0.1-did","100","50","9","0.667","84.60203390389256","137.12738078876498","4.478118896484375","0.32080078125","0.615","false"
"guide_mode=dynamic-two-0.1-did+scale=25+label=1+setting=present+iter=1+shrink_cond_x0=False+timesteps=50","present","1","dynamic-two-0.1-did","25","50","1","0.8354","42.61462558794938","124.9555596223314","3.4672656059265137","0.58056640625","0.506","false"
"guide_mode=dynamic-two-0.1-did+scale=100+label=7+setting=present+iter=1+shrink_cond_x0=False+timesteps=50","present","1","dynamic-two-0.1-did","100","50","7","0.6436","89.37275543825263","123.67433171180448","5.733489513397217","0.36669921875","0.497","false"
"guide_mode=dynamic-two-0.1-did+scale=100+label=5+setting=present+iter=1+shrink_cond_x0=False+timesteps=50","present","1","dynamic-two-0.1-did","100","50","5","0.6172","148.09946388629498","134.29407251641862","6.201510906219482","0.50244140625","0.498","false"
"guide_mode=dynamic-two-0.1-did+scale=50+label=3+setting=present+iter=1+shrink_cond_x0=False+timesteps=50","present","1","dynamic-two-0.1-did","50","50","3","0.4067","107.58711017822031","132.7870348045102","6.162536144256592","0.3798828125","0.568","false"
"guide_mode=dynamic-two-0.1-did+scale=15+label=1+setting=present+iter=1+shrink_cond_x0=False+timesteps=50","present","1","dynamic-two-0.1-did","15","50","1","0.8154","39.415214737235715","123.44776580916572","3.4831383228302","0.58984375","0.526","false"
"guide_mode=dynamic-two-0.1-did+scale=50+label=9+setting=present+iter=1+shrink_cond_x0=False+timesteps=50","present","1","dynamic-two-0.1-did","50","50","9","0.7202","69.30822058255848","135.10975699259734","4.170179843902588","0.37255859375","0.625","false"
"guide_mode=dynamic-two-0.1-did+scale=50+label=5+setting=present+iter=1+shrink_cond_x0=False+timesteps=50","present","1","dynamic-two-0.1-did","50","50","5","0.6987","123.3094762147831","132.74917301188952","6.428040981292725","0.576171875","0.52","false"
"guide_mode=dynamic-two-0.1-did+scale=50+label=7+setting=present+iter=1+shrink_cond_x0=False+timesteps=50","present","1","dynamic-two-0.1-did","50","50","7","0.7046","77.21339323735481","123.77606971575528","5.773616790771484","0.38818359375","0.518","false"
"guide_mode=dynamic-two-0.1-did+scale=20+label=3+setting=present+iter=1+shrink_cond_x0=False+timesteps=50","present","1","dynamic-two-0.1-did","20","50","3","0.5708","58.087299790102634","131.62579311472018","5.415103912353516","0.5263671875","0.582","false"
"guide_mode=dynamic-two-0.1-did+scale=100+label=1+setting=present+iter=1+shrink_cond_x0=False+timesteps=50","present","1","dynamic-two-0.1-did","100","50","1","0.8145","61.376540310589235","129.6066091758562","3.991384983062744","0.490234375","0.51","false"
"guide_mode=dynamic-two-0.1-did+scale=20+label=9+setting=present+iter=1+shrink_cond_x0=False+timesteps=50","present","1","dynamic-two-0.1-did","20","50","9","0.7559","54.41230171027132","130.15178637206986","3.8014559745788574","0.439453125","0.656","false"
"guide_mode=dynamic-two-0.1-did+scale=20+label=7+setting=present+iter=1+shrink_cond_x0=False+timesteps=50","present","1","dynamic-two-0.1-did","20","50","7","0.6958","63.11430956908498","123.40061920764036","5.396481513977051","0.4794921875","0.561","false"
"guide_mode=dynamic-two-0.1-did+scale=20+label=5+setting=present+iter=1+shrink_cond_x0=False+timesteps=50","present","1","dynamic-two-0.1-did","20","50","5","0.8081","85.31521676458533","127.16078745874051","6.469117164611816","0.59814453125","0.582","false"
"guide_mode=dynamic-two-0.1-did+scale=10+label=3+setting=present+iter=1+shrink_cond_x0=False+timesteps=50","present","1","dynamic-two-0.1-did","10","50","3","0.6211","48.23339873642385","130.575069296842","5.520819187164307","0.58935546875","0.624","false"
"guide_mode=dynamic-two-0.1-did+scale=50+label=1+setting=present+iter=1+shrink_cond_x0=False+timesteps=50","present","1","dynamic-two-0.1-did","50","50","1","0.8442","50.77279797865998","128.65763056150172","3.58069109916687","0.57080078125","0.503","false"
"guide_mode=dynamic-two-0.1-did+scale=10+label=9+setting=present+iter=1+shrink_cond_x0=False+timesteps=50","present","1","dynamic-two-0.1-did","10","50","9","0.7236","53.776408607011064","129.50652093444614","3.9471843242645264","0.40673828125","0.678","false"
"guide_mode=dynamic-two-0.1-did+scale=10+label=7+setting=present+iter=1+shrink_cond_x0=False+timesteps=50","present","1","dynamic-two-0.1-did","10","50","7","0.6211","63.53025656201669","124.76155187384018","5.437596797943115","0.4794921875","0.604","false"
"guide_mode=dynamic-two-0.1-did+scale=10+label=5+setting=present+iter=1+shrink_cond_x0=False+timesteps=50","present","1","dynamic-two-0.1-did","10","50","5","0.8086","65.42424768181792","124.4659036670339","5.91738224029541","0.62890625","0.565","false"
"guide_mode=dynamic-two-0.1-did+scale=5+label=3+setting=present+iter=1+shrink_cond_x0=False+timesteps=50","present","1","dynamic-two-0.1-did","5","50","3","0.5767","48.603982851749834","130.43679933632302","5.476812839508057","0.58251953125","0.632","false"
"guide_mode=dynamic-two-0.1-did+scale=20+label=1+setting=present+iter=1+shrink_cond_x0=False+timesteps=50","present","1","dynamic-two-0.1-did","20","50","1","0.8291","40.08766402788663","124.4662698693644","3.341134786605835","0.5986328125","0.512","false"
"guide_mode=dynamic-two-0.1-did+scale=5+label=9+setting=present+iter=1+shrink_cond_x0=False+timesteps=50","present","1","dynamic-two-0.1-did","5","50","9","0.6104","63.7295082379876","131.13939140379375","4.346205234527588","0.37060546875","0.683","false"
"guide_mode=dynamic-two-0.1-did+scale=5+label=7+setting=present+iter=1+shrink_cond_x0=False+timesteps=50","present","1","dynamic-two-0.1-did","5","50","7","0.5034","70.01478872794951","127.83145701730984","5.801342010498047","0.44921875","0.626","false"
"guide_mode=dynamic-two-0.1-did+scale=5+label=5+setting=present+iter=1+shrink_cond_x0=False+timesteps=50","present","1","dynamic-two-0.1-did","5","50","5","0.7915","59.19601694811013","123.39941511161555","5.919249534606934","0.63330078125","0.596","false"
"guide_mode=dynamic-two-0.1-did+scale=1+label=3+setting=present+iter=1+shrink_cond_x0=False+timesteps=50","present","1","dynamic-two-0.1-did","1","50","3","0.3828","60.9695533552935","132.85620661886867","6.3400044441223145","0.56298828125","0.681","false"
"guide_mode=dynamic-two-0.1-did+scale=10+label=1+setting=present+iter=1+shrink_cond_x0=False+timesteps=50","present","1","dynamic-two-0.1-did","10","50","1","0.7573","41.06603439574059","123.7652632998379","3.6657981872558594","0.58056640625","0.576","false"
"guide_mode=dynamic-two-0.1-did+scale=1+label=9+setting=present+iter=1+shrink_cond_x0=False+timesteps=50","present","1","dynamic-two-0.1-did","1","50","9","0.3394","102.12834802826504","139.8173984366249","5.837787628173828","0.24267578125","0.691","false"
"guide_mode=dynamic-two-0.1-did+scale=1+label=7+setting=present+iter=1+shrink_cond_x0=False+timesteps=50","present","1","dynamic-two-0.1-did","1","50","7","0.2734","92.25279247068649","137.1277114599983","6.431482791900635","0.3740234375","0.625","false"
"guide_mode=dynamic-two-0.1-did+scale=1+label=5+setting=present+iter=1+shrink_cond_x0=False+timesteps=50","present","1","dynamic-two-0.1-did","1","50","5","0.5879","71.14214096033652","126.14572687682266","6.231431484222412","0.5537109375","0.621","false"
"guide_mode=dynamic-two-0.1-a-did+scale=30+label=3+setting=present+iter=1+shrink_cond_x0=False+timesteps=50","present","1","dynamic-two-0.1-a-did","30","50","3","0.5098","73.47732779464047","130.12167948955073","6.072450160980225","0.484375","0.57","false"
"guide_mode=dynamic-two-0.1-did+scale=5+label=1+setting=present+iter=1+shrink_cond_x0=False+timesteps=50","present","1","dynamic-two-0.1-did","5","50","1","0.6357","50.35487561084352","126.4472234438466","4.211353302001953","0.490234375","0.598","false"
"guide_mode=dynamic-two-0.1-a-did+scale=30+label=9+setting=present+iter=1+shrink_cond_x0=False+timesteps=50","present","1","dynamic-two-0.1-a-did","30","50","9","0.7363","59.58136897236449","130.58775814872047","4.013680458068848","0.4033203125","0.621","false"
"guide_mode=dynamic-two-0.1-a-did+scale=30+label=5+setting=present+iter=1+shrink_cond_x0=False+timesteps=50","present","1","dynamic-two-0.1-a-did","30","50","5","0.7656","104.70579537683432","128.3577751403816","6.449363708496094","0.60595703125","0.509","false"
"guide_mode=dynamic-two-0.1-a-did+scale=30+label=7+setting=present+iter=1+shrink_cond_x0=False+timesteps=50","present","1","dynamic-two-0.1-a-did","30","50","7","0.7183","65.9342136191122","119.50403808047474","5.5411787033081055","0.43115234375","0.557","false"
"guide_mode=dynamic-two-0.1-a-did+scale=25+label=3+setting=present+iter=1+shrink_cond_x0=False+timesteps=50","present","1","dynamic-two-0.1-a-did","25","50","3","0.5664","66.76284316506451","129.96034657954056","5.943785190582275","0.486328125","0.608","false"
"guide_mode=dynamic-two-0.1-did+scale=1+label=1+setting=present+iter=1+shrink_cond_x0=False+timesteps=50","present","1","dynamic-two-0.1-did","1","50","1","0.2993","93.46815343757032","138.2234218750051","5.787267208099365","0.28369140625","0.661","false"
"guide_mode=dynamic-two-0.1-a-did+scale=25+label=9+setting=present+iter=1+shrink_cond_x0=False+timesteps=50","present","1","dynamic-two-0.1-a-did","25","50","9","0.7344","56.13148358655013","129.09482432477796","3.887748479843139","0.412109375","0.642","false"
"guide_mode=dynamic-two-0.1-a-did+scale=25+label=7+setting=present+iter=1+shrink_cond_x0=False+timesteps=50","present","1","dynamic-two-0.1-a-did","25","50","7","0.7163","62.90160876915161","119.74546508815774","5.35482120513916","0.4560546875","0.52","false"
"guide_mode=dynamic-two-0.1-a-did+scale=25+label=5+setting=present+iter=1+shrink_cond_x0=False+timesteps=50","present","1","dynamic-two-0.1-a-did","25","50","5","0.7803","97.65902134513452","126.87448096294575","6.646984577178955","0.58837890625","0.552","false"
"guide_mode=dynamic-two-0.1-a-did+scale=15+label=3+setting=present+iter=1+shrink_cond_x0=False+timesteps=50","present","1","dynamic-two-0.1-a-did","15","50","3","0.6333","49.962380207787874","129.4096858089747","5.323483943939209","0.56640625","0.615","false"
"guide_mode=dynamic-two-0.1-a-did+scale=30+label=1+setting=present+iter=1+shrink_cond_x0=False+timesteps=50","present","1","dynamic-two-0.1-a-did","30","50","1","0.855","42.69584577455643","125.0643478889732","3.407740592956543","0.5908203125","0.525","false"
"guide_mode=dynamic-two-0.1-a-did+scale=15+label=9+setting=present+iter=1+shrink_cond_x0=False+timesteps=50","present","1","dynamic-two-0.1-a-did","15","50","9","0.7363","53.32706058902937","127.49975214156268","3.668753147125244","0.4306640625","0.672","false"
"guide_mode=dynamic-two-0.1-a-did+scale=15+label=5+setting=present+iter=1+shrink_cond_x0=False+timesteps=50","present","1","dynamic-two-0.1-a-did","15","50","5","0.8179","77.34249295814163","124.59696411131132","6.248570919036865","0.63037109375","0.542","false"
"guide_mode=dynamic-two-0.1-a-did+scale=15+label=7+setting=present+iter=1+shrink_cond_x0=False+timesteps=50","present","1","dynamic-two-0.1-a-did","15","50","7","0.6943","58.070133686289694","118.8800391760942","5.335980415344238","0.49462890625","0.594","false"
"guide_mode=dynamic-two-0.1-a-did+scale=100+label=3+setting=present+iter=1+shrink_cond_x0=False+timesteps=50","present","1","dynamic-two-0.1-a-did","100","50","3","0.3022","149.56041481393913","134.95154348333563","6.051839828491211","0.31201171875","0.567","false"
"guide_mode=dynamic-two-0.1-a-did+scale=25+label=1+setting=present+iter=1+shrink_cond_x0=False+timesteps=50","present","1","dynamic-two-0.1-a-did","25","50","1","0.8276","41.36964639593219","123.25558688845342","3.4636430740356445","0.58447265625","0.543","false"
"guide_mode=dynamic-two-0.1-a-did+scale=100+label=9+setting=present+iter=1+shrink_cond_x0=False+timesteps=50","present","1","dynamic-two-0.1-a-did","100","50","9","0.6616","86.09930518893881","136.94910698960666","4.495404243469238","0.310546875","0.638","false"
"guide_mode=dynamic-two-0.1-a-did+scale=100+label=5+setting=present+iter=1+shrink_cond_x0=False+timesteps=50","present","1","dynamic-two-0.1-a-did","100","50","5","0.5957","151.43303035014986","133.39165218398728","5.995800495147705","0.5","0.513","false"
"guide_mode=dynamic-two-0.1-a-did+scale=100+label=7+setting=present+iter=1+shrink_cond_x0=False+timesteps=50","present","1","dynamic-two-0.1-a-did","100","50","7","0.6816","86.97086414760668","119.54677390083656","5.739271640777588","0.35498046875","0.529","false"
"guide_mode=dynamic-two-0.1-a-did+scale=15+label=1+setting=present+iter=1+shrink_cond_x0=False+timesteps=50","present","1","dynamic-two-0.1-a-did","15","50","1","0.8042","38.132123551597886","121.66424032084105","3.445401430130005","0.6025390625","0.526","false"
"guide_mode=dynamic-two-0.1-a-did+scale=50+label=3+setting=present+iter=1+shrink_cond_x0=False+timesteps=50","present","1","dynamic-two-0.1-a-did","50","50","3","0.4019","109.8133862785226","131.74196919079156","6.399508476257324","0.36962890625","0.598","false"
"guide_mode=dynamic-two-0.1-a-did+scale=50+label=9+setting=present+iter=1+shrink_cond_x0=False+timesteps=50","present","1","dynamic-two-0.1-a-did","50","50","9","0.7144","68.24932105352934","133.0198911194832","4.077800750732422","0.390625","0.604","false"
"guide_mode=dynamic-two-0.1-a-did+scale=50+label=5+setting=present+iter=1+shrink_cond_x0=False+timesteps=50","present","1","dynamic-two-0.1-a-did","50","50","5","0.6919","124.94954541813485","131.88289863977434","6.335761070251465","0.591796875","0.541","false"
"guide_mode=dynamic-two-0.1-a-did+scale=50+label=7+setting=present+iter=1+shrink_cond_x0=False+timesteps=50","present","1","dynamic-two-0.1-a-did","50","50","7","0.7212","73.9084129727305","119.59852009388284","5.679026126861572","0.37109375","0.53","false"
"guide_mode=dynamic-two-0.1-a-did+scale=100+label=1+setting=present+iter=1+shrink_cond_x0=False+timesteps=50","present","1","dynamic-two-0.1-a-did","100","50","1","0.8354","59.52569341191608","128.7126272409896","3.846923589706421","0.51416015625","0.452","false"
"guide_mode=dynamic-two-0.1-a-did+scale=20+label=3+setting=present+iter=1+shrink_cond_x0=False+timesteps=50","present","1","dynamic-two-0.1-a-did","20","50","3","0.5786","56.94012590492093","129.81711456635628","5.524166107177734","0.52490234375","0.606","false"
"guide_mode=dynamic-two-0.1-a-did+scale=20+label=9+setting=present+iter=1+shrink_cond_x0=False+timesteps=50","present","1","dynamic-two-0.1-a-did","20","50","9","0.7466","53.76576630404094","127.91521704243952","3.7884349822998047","0.43603515625","0.647","false"
"guide_mode=dynamic-two-0.1-a-did+scale=20+label=5+setting=present+iter=1+shrink_cond_x0=False+timesteps=50","present","1","dynamic-two-0.1-a-did","20","50","5","0.7935","88.61620919668201","125.90650642555111","6.548713207244873","0.59130859375","0.582","false"
"guide_mode=dynamic-two-0.1-a-did+scale=20+label=7+setting=present+iter=1+shrink_cond_x0=False+timesteps=50","present","1","dynamic-two-0.1-a-did","20","50","7","0.7114","60.423715154531806","118.77017258129185","5.330533504486084","0.4853515625","0.551","false"
"guide_mode=dynamic-two-0.1-a-did+scale=50+label=1+setting=present+iter=1+shrink_cond_x0=False+timesteps=50","present","1","dynamic-two-0.1-a-did","50","50","1","0.8496","49.952763485940466","127.7943884809756","3.62237548828125","0.57080078125","0.49","false"
"guide_mode=dynamic-two-0.1-a-did+scale=10+label=3+setting=present+iter=1+shrink_cond_x0=False+timesteps=50","present","1","dynamic-two-0.1-a-did","10","50","3","0.6396","47.05808210792912","128.66419563769728","5.45256233215332","0.57763671875","0.652","false"
"guide_mode=dynamic-two-0.1-a-did+scale=10+label=9+setting=present+iter=1+shrink_cond_x0=False+timesteps=50","present","1","dynamic-two-0.1-a-did","10","50","9","0.7061","53.661123395759375","127.25288977205878","4.015791416168213","0.4052734375","0.663","false"
"guide_mode=dynamic-two-0.1-a-did+scale=10+label=5+setting=present+iter=1+shrink_cond_x0=False+timesteps=50","present","1","dynamic-two-0.1-a-did","10","50","5","0.8018","68.06422210324871","123.34728358908956","6.102732181549072","0.615234375","0.556","false"
"guide_mode=dynamic-two-0.1-a-did+scale=10+label=7+setting=present+iter=1+shrink_cond_x0=False+timesteps=50","present","1","dynamic-two-0.1-a-did","10","50","7","0.6313","60.44254305725099","119.90332803996716","5.521302700042725","0.4833984375","0.596","false"
"guide_mode=dynamic-two-0.1-a-did+scale=20+label=1+setting=present+iter=1+shrink_cond_x0=False+timesteps=50","present","1","dynamic-two-0.1-a-did","20","50","1","0.8184","39.00480133269991","122.95926080531842","3.3916611671447754","0.60009765625","0.506","false"
"guide_mode=dynamic-two-0.1-a-did+scale=5+label=3+setting=present+iter=1+shrink_cond_x0=False+timesteps=50","present","1","dynamic-two-0.1-a-did","5","50","3","0.5801","47.50090457228799","128.66535806329057","5.513922214508057","0.5859375","0.649","false"
"guide_mode=dynamic-two-0.1-a-did+scale=5+label=9+setting=present+iter=1+shrink_cond_x0=False+timesteps=50","present","1","dynamic-two-0.1-a-did","5","50","9","0.5938","62.80583677675358","128.3290677817945","4.3706769943237305","0.37255859375","0.67","false"
"guide_mode=dynamic-two-0.1-a-did+scale=5+label=5+setting=present+iter=1+shrink_cond_x0=False+timesteps=50","present","1","dynamic-two-0.1-a-did","5","50","5","0.7788","60.955301906306545","122.04830558472928","6.039125442504883","0.61474609375","0.589","false"
"guide_mode=dynamic-two-0.1-a-did+scale=5+label=7+setting=present+iter=1+shrink_cond_x0=False+timesteps=50","present","1","dynamic-two-0.1-a-did","5","50","7","0.5117","66.94080941712252","121.86549297446402","5.923916816711426","0.4482421875","0.62","false"
"guide_mode=dynamic-two-0.1-a-did+scale=10+label=1+setting=present+iter=1+shrink_cond_x0=False+timesteps=50","present","1","dynamic-two-0.1-a-did","10","50","1","0.7529","40.02674084738413","121.61255585970171","3.620640754699707","0.57275390625","0.569","false"
"guide_mode=dynamic-two-0.1-a-did+scale=1+label=3+setting=present+iter=1+shrink_cond_x0=False+timesteps=50","present","1","dynamic-two-0.1-a-did","1","50","3","0.4023","59.698485533000735","131.05480092273274","6.27791690826416","0.546875","0.676","false"
"guide_mode=dynamic-two-0.1-a-did+scale=1+label=9+setting=present+iter=1+shrink_cond_x0=False+timesteps=50","present","1","dynamic-two-0.1-a-did","1","50","9","0.3291","101.30222263756532","136.69971914895655","5.889887809753418","0.25","0.695","false"
"guide_mode=dynamic-two-0.1-a-did+scale=1+label=5+setting=present+iter=1+shrink_cond_x0=False+timesteps=50","present","1","dynamic-two-0.1-a-did","1","50","5","0.5684","72.90195174594612","124.90142705779216","6.260918617248535","0.54150390625","0.611","false"
"guide_mode=dynamic-two-0.1-a-did+scale=1+label=7+setting=present+iter=1+shrink_cond_x0=False+timesteps=50","present","1","dynamic-two-0.1-a-did","1","50","7","0.2749","88.38056221020281","130.99311714491478","6.646626949310303","0.36767578125","0.638","false"
"guide_mode=dynamic-two-0.1-a-did+scale=5+label=1+setting=present+iter=1+shrink_cond_x0=False+timesteps=50","present","1","dynamic-two-0.1-a-did","5","50","1","0.6396","48.5237492614591","123.80396108604828","4.238863468170166","0.50341796875","0.599","false"
"guide_mode=manifold+scale=30+label=9+setting=present+iter=1+shrink_cond_x0=False+timesteps=50","present","1","manifold","30","50","9","0.7158","66.82419822623814","125.30634066494348","3.9611544609069824","0.3857421875","0.6","false"
"guide_mode=manifold+scale=30+label=5+setting=present+iter=1+shrink_cond_x0=False+timesteps=50","present","1","manifold","30","50","5","0.6797","135.27183865450837","129.99217767679164","6.133679389953613","0.58935546875","0.535","false"
"guide_mode=manifold+scale=30+label=7+setting=present+iter=1+shrink_cond_x0=False+timesteps=50","present","1","manifold","30","50","7","0.7432","67.47560183080088","110.85064617922762","5.3100433349609375","0.3955078125","0.504","false"
"guide_mode=manifold+scale=30+label=3+setting=present+iter=1+shrink_cond_x0=False+timesteps=50","present","1","manifold","30","50","3","0.4976","93.81509349380887","129.38447989740644","6.067656993865967","0.423828125","0.538","false"
"guide_mode=dynamic-two-0.1-a-did+scale=1+label=1+setting=present+iter=1+shrink_cond_x0=False+timesteps=50","present","1","dynamic-two-0.1-a-did","1","50","1","0.2891","91.73540995391278","135.16537610278306","5.841714859008789","0.279296875","0.672","false"
"guide_mode=manifold+scale=25+label=9+setting=present+iter=1+shrink_cond_x0=False+timesteps=50","present","1","manifold","25","50","9","0.7163","63.28853300324232","123.5269204838346","3.840420246124267","0.3935546875","0.607","false"
"guide_mode=manifold+scale=25+label=5+setting=present+iter=1+shrink_cond_x0=False+timesteps=50","present","1","manifold","25","50","5","0.6846","127.1170112502179","128.37299072548217","6.397579669952393","0.5771484375","0.54","false"
"guide_mode=manifold+scale=25+label=7+setting=present+iter=1+shrink_cond_x0=False+timesteps=50","present","1","manifold","25","50","7","0.7378","64.17031084626876","111.28065704347524","5.194365978240967","0.42578125","0.495","false"
"guide_mode=manifold+scale=25+label=3+setting=present+iter=1+shrink_cond_x0=False+timesteps=50","present","1","manifold","25","50","3","0.5269","87.77584054080586","128.93679855963617","5.968610763549805","0.39990234375","0.513","false"
"guide_mode=manifold+scale=30+label=1+setting=present+iter=1+shrink_cond_x0=False+timesteps=50","present","1","manifold","30","50","1","0.8525","46.37702768180398","122.36636443890971","3.4287712574005127","0.57275390625","0.457","false"
"guide_mode=manifold+scale=15+label=9+setting=present+iter=1+shrink_cond_x0=False+timesteps=50","present","1","manifold","15","50","9","0.7119","59.81622629763774","121.14126719534865","3.6886355876922607","0.38427734375","0.624","false"
"guide_mode=manifold+scale=15+label=5+setting=present+iter=1+shrink_cond_x0=False+timesteps=50","present","1","manifold","15","50","5","0.7368","106.3213567656196","125.01571202056732","6.355587959289551","0.60205078125","0.538","false"
"guide_mode=manifold+scale=15+label=7+setting=present+iter=1+shrink_cond_x0=False+timesteps=50","present","1","manifold","15","50","7","0.7046","59.18824659279937","109.73911426817392","5.256851673126221","0.44384765625","0.529","false"
"guide_mode=manifold+scale=15+label=3+setting=present+iter=1+shrink_cond_x0=False+timesteps=50","present","1","manifold","15","50","3","0.5972","66.81719309971464","128.18507866476193","5.483752727508545","0.482421875","0.54","false"
"guide_mode=manifold+scale=25+label=1+setting=present+iter=1+shrink_cond_x0=False+timesteps=50","present","1","manifold","25","50","1","0.8389","44.16989360630345","120.55311291981776","3.4600892066955566","0.57177734375","0.433","false"
"guide_mode=manifold+scale=100+label=9+setting=present+iter=1+shrink_cond_x0=False+timesteps=50","present","1","manifold","100","50","9","0.625","95.14618278545464","133.0202813476452","4.5066118240356445","0.29052734375","0.566","false"
"guide_mode=manifold+scale=100+label=5+setting=present+iter=1+shrink_cond_x0=False+timesteps=50","present","1","manifold","100","50","5","0.522","176.15196245258517","135.68446671622866","5.551368713378906","0.51123046875","0.502","false"
"guide_mode=manifold+scale=100+label=7+setting=present+iter=1+shrink_cond_x0=False+timesteps=50","present","1","manifold","100","50","7","0.6763","93.63466785178105","114.34504295405064","5.407566547393799","0.3173828125","0.472","false"
"guide_mode=manifold+scale=100+label=3+setting=present+iter=1+shrink_cond_x0=False+timesteps=50","present","1","manifold","100","50","3","0.2798","169.4445204384072","136.5797738189018","5.7387285232543945","0.28076171875","0.452","false"
"guide_mode=manifold+scale=15+label=1+setting=present+iter=1+shrink_cond_x0=False+timesteps=50","present","1","manifold","15","50","1","0.8252","39.93217278142831","118.88032387865474","3.4274823665618896","0.572265625","0.463","false"
"guide_mode=manifold+scale=50+label=9+setting=present+iter=1+shrink_cond_x0=False+timesteps=50","present","1","manifold","50","50","9","0.6768","78.0096458379902","128.5186926371032","4.162489414215088","0.34228515625","0.593","false"
"guide_mode=manifold+scale=50+label=5+setting=present+iter=1+shrink_cond_x0=False+timesteps=50","present","1","manifold","50","50","5","0.5918","155.544088002666","134.28185968031528","5.78240966796875","0.56884765625","0.496","false"
"guide_mode=manifold+scale=50+label=7+setting=present+iter=1+shrink_cond_x0=False+timesteps=50","present","1","manifold","50","50","7","0.7324","78.03395885695272","113.08764455306503","5.551175594329834","0.361328125","0.502","false"
"guide_mode=manifold+scale=50+label=3+setting=present+iter=1+shrink_cond_x0=False+timesteps=50","present","1","manifold","50","50","3","0.3843","130.6097797231118","131.77281146572318","6.301312446594238","0.328125","0.499","false"
"guide_mode=manifold+scale=100+label=1+setting=present+iter=1+shrink_cond_x0=False+timesteps=50","present","1","manifold","100","50","1","0.8208","65.09070786130297","126.25669343277934","3.9312024116516113","0.49072265625","0.44","false"
"guide_mode=manifold+scale=20+label=9+setting=present+iter=1+shrink_cond_x0=False+timesteps=50","present","1","manifold","20","50","9","0.7104","60.663641476875625","122.59876479565276","3.8406341075897217","0.4033203125","0.618","false"
"guide_mode=manifold+scale=20+label=5+setting=present+iter=1+shrink_cond_x0=False+timesteps=50","present","1","manifold","20","50","5","0.7036","117.26977856981284","126.7328072022338","6.275245189666748","0.583984375","0.596","false"
"guide_mode=manifold+scale=20+label=7+setting=present+iter=1+shrink_cond_x0=False+timesteps=50","present","1","manifold","20","50","7","0.7168","61.329437418704174","110.26509196458358","5.271451473236084","0.43701171875","0.531","false"
"guide_mode=manifold+scale=20+label=3+setting=present+iter=1+shrink_cond_x0=False+timesteps=50","present","1","manifold","20","50","3","0.5674","74.89425304741047","128.57219532429804","5.827121257781982","0.4560546875","0.558","false"
"guide_mode=manifold+scale=50+label=1+setting=present+iter=1+shrink_cond_x0=False+timesteps=50","present","1","manifold","50","50","1","0.8438","54.32169985991095","125.77136714785844","3.6483967304229736","0.541015625","0.413","false"
"guide_mode=manifold+scale=10+label=9+setting=present+iter=1+shrink_cond_x0=False+timesteps=50","present","1","manifold","10","50","9","0.6841","58.338040769356866","120.67288115559768","4.024220943450928","0.38134765625","0.662","false"
"guide_mode=manifold+scale=10+label=5+setting=present+iter=1+shrink_cond_x0=False+timesteps=50","present","1","manifold","10","50","5","0.7222","95.69992489082716","123.4196491739441","6.304067611694336","0.576171875","0.569","false"
"guide_mode=manifold+scale=10+label=7+setting=present+iter=1+shrink_cond_x0=False+timesteps=50","present","1","manifold","10","50","7","0.6553","59.79138677861647","109.2967641282944","5.290217876434326","0.455078125","0.556","false"
"guide_mode=manifold+scale=10+label=3+setting=present+iter=1+shrink_cond_x0=False+timesteps=50","present","1","manifold","10","50","3","0.6182","62.10826322909031","127.60188201375844","5.411185264587402","0.50537109375","0.54","false"
"guide_mode=manifold+scale=20+label=1+setting=present+iter=1+shrink_cond_x0=False+timesteps=50","present","1","manifold","20","50","1","0.834","41.312089909951624","120.50567697702265","3.330151081085205","0.583984375","0.458","false"
"guide_mode=manifold+scale=5+label=9+setting=present+iter=1+shrink_cond_x0=False+timesteps=50","present","1","manifold","5","50","9","0.5645","66.49795412354842","120.97099285671254","4.429147243499756","0.3642578125","0.67","false"
"guide_mode=manifold+scale=5+label=5+setting=present+iter=1+shrink_cond_x0=False+timesteps=50","present","1","manifold","5","50","5","0.6753","86.63202603019295","122.39902118151804","6.511837005615234","0.5537109375","0.596","false"
"guide_mode=manifold+scale=5+label=7+setting=present+iter=1+shrink_cond_x0=False+timesteps=50","present","1","manifold","5","50","7","0.5229","64.14970147749887","109.74883035647622","5.759498596191406","0.40966796875","0.565","false"
"guide_mode=manifold+scale=5+label=3+setting=present+iter=1+shrink_cond_x0=False+timesteps=50","present","1","manifold","5","50","3","0.5703","62.93026831039873","128.10291558154506","5.523946762084961","0.490234375","0.575","false"
"guide_mode=manifold+scale=10+label=1+setting=present+iter=1+shrink_cond_x0=False+timesteps=50","present","1","manifold","10","50","1","0.7622","41.024105689278485","117.92967484643329","3.613625288009643","0.56689453125","0.513","false"
"guide_mode=manifold+scale=1+label=9+setting=present+iter=1+shrink_cond_x0=False+timesteps=50","present","1","manifold","1","50","9","0.3008","103.602381382744","127.71584095944296","5.853015422821045","0.24072265625","0.708","false"
"guide_mode=manifold+scale=1+label=5+setting=present+iter=1+shrink_cond_x0=False+timesteps=50","present","1","manifold","1","50","5","0.4502","96.78539269522248","125.61998525576156","6.749894142150879","0.44970703125","0.623","false"
"guide_mode=manifold+scale=1+label=7+setting=present+iter=1+shrink_cond_x0=False+timesteps=50","present","1","manifold","1","50","7","0.3057","84.06002723830181","114.9275895511123","6.680263996124268","0.326171875","0.61","false"
"guide_mode=manifold+scale=1+label=3+setting=present+iter=1+shrink_cond_x0=False+timesteps=50","present","1","manifold","1","50","3","0.3774","77.16556486172198","131.2513949324756","6.393513202667236","0.45166015625","0.622","false"
"guide_mode=manifold+scale=5+label=1+setting=present+iter=1+shrink_cond_x0=False+timesteps=50","present","1","manifold","5","50","1","0.6528","47.772266182123246","118.1919416650768","4.142799377441406","0.4833984375","0.539","false"
"guide_mode=dynamic-two-0.1-did+scale=30+label=8+setting=present+iter=1+shrink_cond_x0=False+timesteps=50","present","1","dynamic-two-0.1-did","30","50","8","0.8628","40.07201372462572","113.64592766227328","3.706627368927002","0.5947265625","0.47","false"
"guide_mode=dynamic-two-0.1-did+scale=30+label=4+setting=present+iter=1+shrink_cond_x0=False+timesteps=50","present","1","dynamic-two-0.1-did","30","50","4","0.6621","71.21884751805038","132.1341967585579","6.0650200843811035","0.5859375","0.557","false"
"guide_mode=dynamic-two-0.1-did+scale=30+label=6+setting=present+iter=1+shrink_cond_x0=False+timesteps=50","present","1","dynamic-two-0.1-did","30","50","6","0.6577","57.914315681967366","137.02402860561767","4.9007110595703125","0.541015625","0.572","false"
"guide_mode=dynamic-two-0.1-did+scale=30+label=2+setting=present+iter=1+shrink_cond_x0=False+timesteps=50","present","1","dynamic-two-0.1-did","30","50","2","0.6265","64.66786510924771","129.7765654980492","6.447973251342773","0.68310546875","0.413","false"
"guide_mode=manifold+scale=1+label=1+setting=present+iter=1+shrink_cond_x0=False+timesteps=50","present","1","manifold","1","50","1","0.3145","88.96055857406657","126.61495640294277","5.714789390563965","0.2890625","0.643","false"
"guide_mode=dynamic-two-0.1-did+scale=25+label=8+setting=present+iter=1+shrink_cond_x0=False+timesteps=50","present","1","dynamic-two-0.1-did","25","50","8","0.8716","36.71176944906222","113.66796831046032","3.651158571243286","0.59716796875","0.476","false"
"guide_mode=dynamic-two-0.1-did+scale=25+label=4+setting=present+iter=1+shrink_cond_x0=False+timesteps=50","present","1","dynamic-two-0.1-did","25","50","4","0.6621","68.91919872964957","132.09307828682688","6.199534893035889","0.57177734375","0.574","false"
"guide_mode=dynamic-two-0.1-did+scale=25+label=6+setting=present+iter=1+shrink_cond_x0=False+timesteps=50","present","1","dynamic-two-0.1-did","25","50","6","0.6689","53.696801057741425","136.1673598475444","4.655303001403809","0.572265625","0.578","false"
"guide_mode=dynamic-two-0.1-did+scale=25+label=2+setting=present+iter=1+shrink_cond_x0=False+timesteps=50","present","1","dynamic-two-0.1-did","25","50","2","0.6191","63.547015541186795","129.33124772637018","6.398765563964844","0.68408203125","0.419","false"
"guide_mode=dynamic-two-0.1-did+scale=30+label=0+setting=present+iter=1+shrink_cond_x0=False+timesteps=50","present","1","dynamic-two-0.1-did","30","50","0","0.6128","76.44076289983627","131.18582262069367","6.593461036682129","0.40625","0.642","false"
"guide_mode=dynamic-two-0.1-did+scale=15+label=4+setting=present+iter=1+shrink_cond_x0=False+timesteps=50","present","1","dynamic-two-0.1-did","15","50","4","0.6519","66.03349859788352","132.08554103416952","6.161505699157715","0.5634765625","0.585","false"
"guide_mode=dynamic-two-0.1-did+scale=15+label=8+setting=present+iter=1+shrink_cond_x0=False+timesteps=50","present","1","dynamic-two-0.1-did","15","50","8","0.8594","36.04765127512712","113.21843798725295","3.790230035781861","0.59228515625","0.505","false"
"guide_mode=dynamic-two-0.1-did+scale=15+label=6+setting=present+iter=1+shrink_cond_x0=False+timesteps=50","present","1","dynamic-two-0.1-did","15","50","6","0.6709","49.76651448301544","135.13305291210236","4.6587324142456055","0.5732421875","0.629","false"
"guide_mode=dynamic-two-0.1-did+scale=15+label=2+setting=present+iter=1+shrink_cond_x0=False+timesteps=50","present","1","dynamic-two-0.1-did","15","50","2","0.6011","60.83815897336092","128.7218346831335","6.241349220275879","0.6787109375","0.446","false"
"guide_mode=dynamic-two-0.1-did+scale=25+label=0+setting=present+iter=1+shrink_cond_x0=False+timesteps=50","present","1","dynamic-two-0.1-did","25","50","0","0.6221","71.33534443575934","130.55224149361084","6.545407772064209","0.44580078125","0.622","false"
"guide_mode=dynamic-two-0.1-did+scale=100+label=8+setting=present+iter=1+shrink_cond_x0=False+timesteps=50","present","1","dynamic-two-0.1-did","100","50","8","0.7969","58.694907360406035","115.87367175099746","4.416929721832275","0.4931640625","0.467","false"
"guide_mode=dynamic-two-0.1-did+scale=100+label=4+setting=present+iter=1+shrink_cond_x0=False+timesteps=50","present","1","dynamic-two-0.1-did","100","50","4","0.6455","89.1137857409779","133.9804743556324","6.086163520812988","0.55419921875","0.491","false"
"guide_mode=dynamic-two-0.1-did+scale=100+label=6+setting=present+iter=1+shrink_cond_x0=False+timesteps=50","present","1","dynamic-two-0.1-did","100","50","6","0.5737","89.03818371243204","144.59009224576062","5.751228332519531","0.4619140625","0.531","false"
"guide_mode=dynamic-two-0.1-did+scale=100+label=2+setting=present+iter=1+shrink_cond_x0=False+timesteps=50","present","1","dynamic-two-0.1-did","100","50","2","0.6968","86.13437319219287","129.94510377053598","6.422560214996338","0.6650390625","0.366","false"
"guide_mode=dynamic-two-0.1-did+scale=15+label=0+setting=present+iter=1+shrink_cond_x0=False+timesteps=50","present","1","dynamic-two-0.1-did","15","50","0","0.5713","66.87172094362245","130.75122906934644","6.381351947784424","0.44970703125","0.627","false"
"guide_mode=dynamic-two-0.1-did+scale=50+label=8+setting=present+iter=1+shrink_cond_x0=False+timesteps=50","present","1","dynamic-two-0.1-did","50","50","8","0.8535","45.05668959031004","113.92460268984225","3.878393650054931","0.55810546875","0.441","false"
"guide_mode=dynamic-two-0.1-did+scale=50+label=4+setting=present+iter=1+shrink_cond_x0=False+timesteps=50","present","1","dynamic-two-0.1-did","50","50","4","0.6675","76.40574233308865","131.7671140568145","6.159776210784912","0.58349609375","0.561","false"
"guide_mode=dynamic-two-0.1-did+scale=50+label=6+setting=present+iter=1+shrink_cond_x0=False+timesteps=50","present","1","dynamic-two-0.1-did","50","50","6","0.6265","67.96984022390478","139.6161011203278","5.27122688293457","0.51953125","0.577","false"
"guide_mode=dynamic-two-0.1-did+scale=50+label=2+setting=present+iter=1+shrink_cond_x0=False+timesteps=50","present","1","dynamic-two-0.1-did","50","50","2","0.6514","71.40247138180291","130.07738875516293","6.490677356719971","0.67431640625","0.366","false"
"guide_mode=dynamic-two-0.1-did+scale=100+label=0+setting=present+iter=1+shrink_cond_x0=False+timesteps=50","present","1","dynamic-two-0.1-did","100","50","0","0.5737","114.9702360553369","130.01019968492812","6.549516677856445","0.33154296875","0.61","false"
"guide_mode=dynamic-two-0.1-did+scale=20+label=8+setting=present+iter=1+shrink_cond_x0=False+timesteps=50","present","1","dynamic-two-0.1-did","20","50","8","0.8716","35.58204408922472","113.3479014002296","3.723469018936157","0.609375","0.518","false"
"guide_mode=dynamic-two-0.1-did+scale=20+label=4+setting=present+iter=1+shrink_cond_x0=False+timesteps=50","present","1","dynamic-two-0.1-did","20","50","4","0.667","67.41111219202412","131.81121795013598","6.237233638763428","0.568359375","0.608","false"
"guide_mode=dynamic-two-0.1-did+scale=20+label=6+setting=present+iter=1+shrink_cond_x0=False+timesteps=50","present","1","dynamic-two-0.1-did","20","50","6","0.6782","51.401179311554586","135.8038745230399","4.565737724304199","0.55712890625","0.595","false"
"guide_mode=dynamic-two-0.1-did+scale=20+label=2+setting=present+iter=1+shrink_cond_x0=False+timesteps=50","present","1","dynamic-two-0.1-did","20","50","2","0.5928","62.11280730964728","129.11465938641538","6.546900749206543","0.67578125","0.445","false"
"guide_mode=dynamic-two-0.1-did+scale=50+label=0+setting=present+iter=1+shrink_cond_x0=False+timesteps=50","present","1","dynamic-two-0.1-did","50","50","0","0.5928","92.86021705476604","130.61937063450966","6.870456695556641","0.37939453125","0.613","false"
"guide_mode=dynamic-two-0.1-did+scale=10+label=8+setting=present+iter=1+shrink_cond_x0=False+timesteps=50","present","1","dynamic-two-0.1-did","10","50","8","0.8184","36.971172766843296","113.37770990566356","3.8955113887786865","0.57275390625","0.543","false"
"guide_mode=dynamic-two-0.1-did+scale=10+label=4+setting=present+iter=1+shrink_cond_x0=False+timesteps=50","present","1","dynamic-two-0.1-did","10","50","4","0.6123","66.67228398788768","131.8769095293908","6.283657550811768","0.57080078125","0.607","false"
"guide_mode=dynamic-two-0.1-did+scale=10+label=6+setting=present+iter=1+shrink_cond_x0=False+timesteps=50","present","1","dynamic-two-0.1-did","10","50","6","0.6362","51.25292108873992","134.41668521330155","4.714680194854736","0.5283203125","0.609","false"
"guide_mode=dynamic-two-0.1-did+scale=10+label=2+setting=present+iter=1+shrink_cond_x0=False+timesteps=50","present","1","dynamic-two-0.1-did","10","50","2","0.5654","60.78145897670083","129.00934473083782","6.119993686676025","0.6865234375","0.5","false"
"guide_mode=dynamic-two-0.1-did+scale=20+label=0+setting=present+iter=1+shrink_cond_x0=False+timesteps=50","present","1","dynamic-two-0.1-did","20","50","0","0.5952","69.7411171577055","131.33367840878327","6.430685520172119","0.44482421875","0.629","false"
"guide_mode=dynamic-two-0.1-did+scale=5+label=8+setting=present+iter=1+shrink_cond_x0=False+timesteps=50","present","1","dynamic-two-0.1-did","5","50","8","0.7012","45.343456021142345","116.45708965425877","4.503072738647461","0.4912109375","0.539","false"
"guide_mode=dynamic-two-0.1-did+scale=5+label=4+setting=present+iter=1+shrink_cond_x0=False+timesteps=50","present","1","dynamic-two-0.1-did","5","50","4","0.5366","72.60792682913939","132.14028609107493","6.162776470184326","0.55029296875","0.607","false"
"guide_mode=dynamic-two-0.1-did+scale=5+label=6+setting=present+iter=1+shrink_cond_x0=False+timesteps=50","present","1","dynamic-two-0.1-did","5","50","6","0.5386","58.67598923197136","135.7345662729266","5.2425055503845215","0.47802734375","0.64","false"
"guide_mode=dynamic-two-0.1-did+scale=5+label=2+setting=present+iter=1+shrink_cond_x0=False+timesteps=50","present","1","dynamic-two-0.1-did","5","50","2","0.5244","63.64439354701278","128.9092068779953","6.238536357879639","0.66748046875","0.477","false"
"guide_mode=dynamic-two-0.1-did+scale=10+label=0+setting=present+iter=1+shrink_cond_x0=False+timesteps=50","present","1","dynamic-two-0.1-did","10","50","0","0.5669","64.67413367672066","130.8533551199987","6.139060020446777","0.4697265625","0.643","false"
"guide_mode=dynamic-two-0.1-did+scale=1+label=8+setting=present+iter=1+shrink_cond_x0=False+timesteps=50","present","1","dynamic-two-0.1-did","1","50","8","0.4019","84.62068881285558","127.15385380124236","6.242676258087158","0.32177734375","0.593","false"
"guide_mode=dynamic-two-0.1-did+scale=1+label=4+setting=present+iter=1+shrink_cond_x0=False+timesteps=50","present","1","dynamic-two-0.1-did","1","50","4","0.353","90.59841680861098","134.22835918817714","6.682760238647461","0.48193359375","0.618","false"
"guide_mode=dynamic-two-0.1-did+scale=1+label=6+setting=present+iter=1+shrink_cond_x0=False+timesteps=50","present","1","dynamic-two-0.1-did","1","50","6","0.3037","84.9010435525334","140.44518334449378","6.041691780090332","0.38623046875","0.631","false"
"guide_mode=dynamic-two-0.1-did+scale=1+label=2+setting=present+iter=1+shrink_cond_x0=False+timesteps=50","present","1","dynamic-two-0.1-did","1","50","2","0.3657","72.6590007841121","130.0099832785396","6.567415237426758","0.640625","0.478","false"
"guide_mode=dynamic-two-0.1-did+scale=5+label=0+setting=present+iter=1+shrink_cond_x0=False+timesteps=50","present","1","dynamic-two-0.1-did","5","50","0","0.481","67.69622703612959","130.23261463946153","5.9985857009887695","0.48974609375","0.615","false"
"guide_mode=dynamic-two-0.1-a-did+scale=30+label=8+setting=present+iter=1+shrink_cond_x0=False+timesteps=50","present","1","dynamic-two-0.1-a-did","30","50","8","0.8755","38.90405074862494","111.61987461668014","3.6802358627319336","0.58935546875","0.465","false"
"guide_mode=dynamic-two-0.1-a-did+scale=30+label=4+setting=present+iter=1+shrink_cond_x0=False+timesteps=50","present","1","dynamic-two-0.1-a-did","30","50","4","0.6948","67.81762856470323","130.0276843424016","6.150692939758301","0.603515625","0.539","false"
"guide_mode=dynamic-two-0.1-a-did+scale=30+label=6+setting=present+iter=1+shrink_cond_x0=False+timesteps=50","present","1","dynamic-two-0.1-a-did","30","50","6","0.6562","56.73754981739808","135.42798692067993","4.941102981567383","0.564453125","0.574","false"
"guide_mode=dynamic-two-0.1-a-did+scale=30+label=2+setting=present+iter=1+shrink_cond_x0=False+timesteps=50","present","1","dynamic-two-0.1-a-did","30","50","2","0.6387","62.99975625004521","127.68029684126418","6.346543788909912","0.6962890625","0.42","false"
"guide_mode=dynamic-two-0.1-did+scale=1+label=0+setting=present+iter=1+shrink_cond_x0=False+timesteps=50","present","1","dynamic-two-0.1-did","1","50","0","0.3091","79.22885539370913","130.9308403648024","6.524818420410156","0.47900390625","0.651","false"
"guide_mode=dynamic-two-0.1-a-did+scale=25+label=8+setting=present+iter=1+shrink_cond_x0=False+timesteps=50","present","1","dynamic-two-0.1-a-did","25","50","8","0.8735","36.004904355538855","111.3015633532982","3.741914749145508","0.60595703125","0.49","false"
"guide_mode=dynamic-two-0.1-a-did+scale=25+label=6+setting=present+iter=1+shrink_cond_x0=False+timesteps=50","present","1","dynamic-two-0.1-a-did","25","50","6","0.665","52.84144023662816","134.52040992297725","4.594104766845703","0.58203125","0.585","false"
"guide_mode=dynamic-two-0.1-a-did+scale=25+label=4+setting=present+iter=1+shrink_cond_x0=False+timesteps=50","present","1","dynamic-two-0.1-a-did","25","50","4","0.6851","63.70029001175436","129.53649003739497","6.1884636878967285","0.603515625","0.578","false"
"guide_mode=dynamic-two-0.1-a-did+scale=25+label=2+setting=present+iter=1+shrink_cond_x0=False+timesteps=50","present","1","dynamic-two-0.1-a-did","25","50","2","0.6387","60.750795654936155","127.25888266609228","6.302229404449463","0.697265625","0.424","false"
"guide_mode=dynamic-two-0.1-a-did+scale=30+label=0+setting=present+iter=1+shrink_cond_x0=False+timesteps=50","present","1","dynamic-two-0.1-a-did","30","50","0","0.6289","74.20587380145713","128.5400868229965","6.510770797729492","0.42431640625","0.615","false"
"guide_mode=dynamic-two-0.1-a-did+scale=15+label=8+setting=present+iter=1+shrink_cond_x0=False+timesteps=50","present","1","dynamic-two-0.1-a-did","15","50","8","0.8647","35.168013529993175","110.65604628971936","3.8195273876190186","0.595703125","0.513","false"
"guide_mode=dynamic-two-0.1-a-did+scale=15+label=4+setting=present+iter=1+shrink_cond_x0=False+timesteps=50","present","1","dynamic-two-0.1-a-did","15","50","4","0.6694","62.2339860906078","129.4824828368828","5.922677516937256","0.57958984375","0.593","false"
"guide_mode=dynamic-two-0.1-a-did+scale=15+label=6+setting=present+iter=1+shrink_cond_x0=False+timesteps=50","present","1","dynamic-two-0.1-a-did","15","50","6","0.6816","47.62042799782381","133.20744183839258","4.57717227935791","0.587890625","0.598","false"
"guide_mode=dynamic-two-0.1-a-did+scale=15+label=2+setting=present+iter=1+shrink_cond_x0=False+timesteps=50","present","1","dynamic-two-0.1-a-did","15","50","2","0.6157","58.824209551383206","126.35435499322","6.200784206390381","0.6865234375","0.439","false"
"guide_mode=dynamic-two-0.1-a-did+scale=25+label=0+setting=present+iter=1+shrink_cond_x0=False+timesteps=50","present","1","dynamic-two-0.1-a-did","25","50","0","0.6211","69.54719114404543","127.54644119653165","6.53066873550415","0.44873046875","0.639","false"
"guide_mode=dynamic-two-0.1-a-did+scale=100+label=8+setting=present+iter=1+shrink_cond_x0=False+timesteps=50","present","1","dynamic-two-0.1-a-did","100","50","8","0.811","57.523079186376435","114.17919360494228","4.402688503265381","0.53271484375","0.44","false"
"guide_mode=dynamic-two-0.1-a-did+scale=100+label=4+setting=present+iter=1+shrink_cond_x0=False+timesteps=50","present","1","dynamic-two-0.1-a-did","100","50","4","0.6494","86.00102073855987","132.36494171567074","6.192115306854248","0.568359375","0.508","false"
"guide_mode=dynamic-two-0.1-a-did+scale=100+label=6+setting=present+iter=1+shrink_cond_x0=False+timesteps=50","present","1","dynamic-two-0.1-a-did","100","50","6","0.5742","90.19796634922956","143.87009791268292","5.70560884475708","0.45654296875","0.502","false"
"guide_mode=dynamic-two-0.1-a-did+scale=100+label=2+setting=present+iter=1+shrink_cond_x0=False+timesteps=50","present","1","dynamic-two-0.1-a-did","100","50","2","0.6948","86.68727301022159","128.4598323946293","6.732355117797852","0.65576171875","0.346","false"
"guide_mode=dynamic-two-0.1-a-did+scale=15+label=0+setting=present+iter=1+shrink_cond_x0=False+timesteps=50","present","1","dynamic-two-0.1-a-did","15","50","0","0.5884","64.45512234522181","127.55675750597356","6.312744617462158","0.4638671875","0.624","false"
"guide_mode=dynamic-two-0.1-a-did+scale=50+label=8+setting=present+iter=1+shrink_cond_x0=False+timesteps=50","present","1","dynamic-two-0.1-a-did","50","50","8","0.8608","44.36465280674199","112.2491979422199","3.983168363571167","0.5576171875","0.466","false"
"guide_mode=dynamic-two-0.1-a-did+scale=50+label=4+setting=present+iter=1+shrink_cond_x0=False+timesteps=50","present","1","dynamic-two-0.1-a-did","50","50","4","0.6895","73.49921979981883","130.62033845753626","6.018150329589844","0.59130859375","0.55","false"
"guide_mode=dynamic-two-0.1-a-did+scale=50+label=6+setting=present+iter=1+shrink_cond_x0=False+timesteps=50","present","1","dynamic-two-0.1-a-did","50","50","6","0.6362","66.62940321502145","137.70891181759862","5.055285453796387","0.53955078125","0.544","false"
"guide_mode=dynamic-two-0.1-a-did+scale=50+label=2+setting=present+iter=1+shrink_cond_x0=False+timesteps=50","present","1","dynamic-two-0.1-a-did","50","50","2","0.6704","71.03296449659314","128.53308752607302","6.3177714347839355","0.677734375","0.366","false"
"guide_mode=dynamic-two-0.1-a-did+scale=100+label=0+setting=present+iter=1+shrink_cond_x0=False+timesteps=50","present","1","dynamic-two-0.1-a-did","100","50","0","0.5581","118.43761659362644","128.88324559746343","6.5077972412109375","0.3173828125","0.604","false"
"guide_mode=dynamic-two-0.1-a-did+scale=20+label=8+setting=present+iter=1+shrink_cond_x0=False+timesteps=50","present","1","dynamic-two-0.1-a-did","20","50","8","0.876","35.15598182244321","111.0459982176592","3.744649171829224","0.62060546875","0.533","false"
"guide_mode=dynamic-two-0.1-a-did+scale=20+label=4+setting=present+iter=1+shrink_cond_x0=False+timesteps=50","present","1","dynamic-two-0.1-a-did","20","50","4","0.6777","63.97334407475813","129.40740960545793","6.221932888031006","0.57568359375","0.577","false"
"guide_mode=dynamic-two-0.1-a-did+scale=20+label=6+setting=present+iter=1+shrink_cond_x0=False+timesteps=50","present","1","dynamic-two-0.1-a-did","20","50","6","0.6816","50.29231742810322","134.14728823610767","4.48811674118042","0.56591796875","0.578","false"
"guide_mode=dynamic-two-0.1-a-did+scale=20+label=2+setting=present+iter=1+shrink_cond_x0=False+timesteps=50","present","1","dynamic-two-0.1-a-did","20","50","2","0.6138","59.92206456188927","127.06764418498985","6.236231803894043","0.69677734375","0.425","false"
"guide_mode=dynamic-two-0.1-a-did+scale=50+label=0+setting=present+iter=1+shrink_cond_x0=False+timesteps=50","present","1","dynamic-two-0.1-a-did","50","50","0","0.6069","92.16825822837716","127.47032383512033","7.024399280548096","0.38330078125","0.625","false"
"guide_mode=dynamic-two-0.1-a-did+scale=10+label=8+setting=present+iter=1+shrink_cond_x0=False+timesteps=50","present","1","dynamic-two-0.1-a-did","10","50","8","0.8296","36.04029485597721","110.52827545762852","3.905441999435425","0.587890625","0.535","false"
"guide_mode=dynamic-two-0.1-a-did+scale=10+label=4+setting=present+iter=1+shrink_cond_x0=False+timesteps=50","present","1","dynamic-two-0.1-a-did","10","50","4","0.6357","63.156940684158485","129.47565622357558","6.095212936401367","0.58837890625","0.564","false"
"guide_mode=dynamic-two-0.1-a-did+scale=10+label=6+setting=present+iter=1+shrink_cond_x0=False+timesteps=50","present","1","dynamic-two-0.1-a-did","10","50","6","0.6558","49.69012153690596","132.52893879224155","4.736684322357178","0.54638671875","0.592","false"
"guide_mode=dynamic-two-0.1-a-did+scale=10+label=2+setting=present+iter=1+shrink_cond_x0=False+timesteps=50","present","1","dynamic-two-0.1-a-did","10","50","2","0.5815","58.365867377311986","126.46838583248176","6.191650867462158","0.6865234375","0.469","false"
"guide_mode=dynamic-two-0.1-a-did+scale=20+label=0+setting=present+iter=1+shrink_cond_x0=False+timesteps=50","present","1","dynamic-two-0.1-a-did","20","50","0","0.604","66.81479424253376","127.96000888797994","6.363864421844482","0.4609375","0.609","false"
"guide_mode=dynamic-two-0.1-a-did+scale=5+label=8+setting=present+iter=1+shrink_cond_x0=False+timesteps=50","present","1","dynamic-two-0.1-a-did","5","50","8","0.7227","44.3083419890344","112.76573602965108","4.469242095947266","0.49951171875","0.579","false"
"guide_mode=dynamic-two-0.1-a-did+scale=5+label=4+setting=present+iter=1+shrink_cond_x0=False+timesteps=50","present","1","dynamic-two-0.1-a-did","5","50","4","0.5605","68.6064638708499","129.98836397618015","6.000918865203857","0.57470703125","0.593","false"
"guide_mode=dynamic-two-0.1-a-did+scale=5+label=6+setting=present+iter=1+shrink_cond_x0=False+timesteps=50","present","1","dynamic-two-0.1-a-did","5","50","6","0.5503","56.57415319593929","133.86753254647715","5.285175323486328","0.490234375","0.617","false"
"guide_mode=dynamic-two-0.1-a-did+scale=5+label=2+setting=present+iter=1+shrink_cond_x0=False+timesteps=50","present","1","dynamic-two-0.1-a-did","5","50","2","0.5356","61.08704452216648","126.5005434983733","6.077483177185059","0.6748046875","0.474","false"
"guide_mode=dynamic-two-0.1-a-did+scale=10+label=0+setting=present+iter=1+shrink_cond_x0=False+timesteps=50","present","1","dynamic-two-0.1-a-did","10","50","0","0.563","62.96982277954481","127.73570640249544","6.088766574859619","0.4716796875","0.635","false"
"guide_mode=dynamic-two-0.1-a-did+scale=1+label=8+setting=present+iter=1+shrink_cond_x0=False+timesteps=50","present","1","dynamic-two-0.1-a-did","1","50","8","0.4092","83.33005493413236","122.1668886634228","6.268856048583984","0.33251953125","0.604","false"
"guide_mode=dynamic-two-0.1-a-did+scale=1+label=4+setting=present+iter=1+shrink_cond_x0=False+timesteps=50","present","1","dynamic-two-0.1-a-did","1","50","4","0.376","86.9005346073397","132.63409185237083","6.6302690505981445","0.509765625","0.637","false"
"guide_mode=dynamic-two-0.1-a-did+scale=1+label=6+setting=present+iter=1+shrink_cond_x0=False+timesteps=50","present","1","dynamic-two-0.1-a-did","1","50","6","0.2974","83.60843540072688","138.72216153273678","6.157910346984863","0.39501953125","0.644","false"
"guide_mode=dynamic-two-0.1-a-did+scale=1+label=2+setting=present+iter=1+shrink_cond_x0=False+timesteps=50","present","1","dynamic-two-0.1-a-did","1","50","2","0.3779","69.5926742005226","127.93019561821144","6.5218400955200195","0.6416015625","0.474","false"
"guide_mode=dynamic-two-0.1-a-did+scale=5+label=0+setting=present+iter=1+shrink_cond_x0=False+timesteps=50","present","1","dynamic-two-0.1-a-did","5","50","0","0.4849","65.7656935681328","126.84436184717627","6.000262260437012","0.49609375","0.62","false"
"guide_mode=manifold+scale=30+label=8+setting=present+iter=1+shrink_cond_x0=False+timesteps=50","present","1","manifold","30","50","8","0.8525","47.56626653370125","112.7810146612312","3.961494922637939","0.55712890625","0.458","false"
"guide_mode=manifold+scale=30+label=4+setting=present+iter=1+shrink_cond_x0=False+timesteps=50","present","1","manifold","30","50","4","0.7178","74.78563690442417","127.96912138729886","5.665696620941162","0.60546875","0.456","false"
"guide_mode=manifold+scale=30+label=2+setting=present+iter=1+shrink_cond_x0=False+timesteps=50","present","1","manifold","30","50","2","0.6719","71.88522684575639","124.58177648790718","5.969880104064941","0.68408203125","0.319","false"
"guide_mode=manifold+scale=30+label=6+setting=present+iter=1+shrink_cond_x0=False+timesteps=50","present","1","manifold","30","50","6","0.667","68.59073592239764","133.70295650352","4.738303184509277","0.54296875","0.499","false"
"guide_mode=manifold+scale=25+label=8+setting=present+iter=1+shrink_cond_x0=False+timesteps=50","present","1","manifold","25","50","8","0.8687","44.949825137880225","112.83756591895713","3.95570969581604","0.5849609375","0.442","false"
"guide_mode=dynamic-two-0.1-a-did+scale=1+label=0+setting=present+iter=1+shrink_cond_x0=False+timesteps=50","present","1","dynamic-two-0.1-a-did","1","50","0","0.3208","76.52556459596371","127.53754463724464","6.589704513549805","0.46630859375","0.627","false"
"guide_mode=manifold+scale=25+label=6+setting=present+iter=1+shrink_cond_x0=False+timesteps=50","present","1","manifold","25","50","6","0.6694","62.150463789573905","132.459978895964","4.553116798400879","0.55712890625","0.52","false"
"guide_mode=manifold+scale=25+label=4+setting=present+iter=1+shrink_cond_x0=False+timesteps=50","present","1","manifold","25","50","4","0.7041","70.74247822683816","127.47291939153104","5.656349182128906","0.59814453125","0.466","false"
"guide_mode=manifold+scale=25+label=2+setting=present+iter=1+shrink_cond_x0=False+timesteps=50","present","1","manifold","25","50","2","0.6753","70.00628559392811","123.94821962423008","5.9726481437683105","0.69189453125","0.345","false"
"guide_mode=manifold+scale=15+label=8+setting=present+iter=1+shrink_cond_x0=False+timesteps=50","present","1","manifold","15","50","8","0.8618","44.13480780003519","111.70241070541316","4.041854381561279","0.56689453125","0.481","false"
"guide_mode=manifold+scale=30+label=0+setting=present+iter=1+shrink_cond_x0=False+timesteps=50","present","1","manifold","30","50","0","0.6196","88.7120015925301","123.17917437327868","6.179438591003418","0.3701171875","0.581","false"
"guide_mode=manifold+scale=15+label=4+setting=present+iter=1+shrink_cond_x0=False+timesteps=50","present","1","manifold","15","50","4","0.7144","68.19649556525985","126.31526874197787","5.644213676452637","0.62060546875","0.531","false"
"guide_mode=manifold+scale=15+label=6+setting=present+iter=1+shrink_cond_x0=False+timesteps=50","present","1","manifold","15","50","6","0.687","56.68243673339924","130.32486938259012","4.514288902282715","0.57763671875","0.545","false"
"guide_mode=manifold+scale=15+label=2+setting=present+iter=1+shrink_cond_x0=False+timesteps=50","present","1","manifold","15","50","2","0.6499","66.224120389902","122.31588249944524","5.8576250076293945","0.68603515625","0.336","false"
"guide_mode=manifold+scale=25+label=0+setting=present+iter=1+shrink_cond_x0=False+timesteps=50","present","1","manifold","25","50","0","0.6138","82.12796026804608","121.86682804074076","6.275242328643799","0.3876953125","0.546","false"
"guide_mode=manifold+scale=100+label=8+setting=present+iter=1+shrink_cond_x0=False+timesteps=50","present","1","manifold","100","50","8","0.7632","71.3319119806385","115.9077953058038","4.590628147125244","0.47412109375","0.39","false"
"guide_mode=manifold+scale=100+label=6+setting=present+iter=1+shrink_cond_x0=False+timesteps=50","present","1","manifold","100","50","6","0.5464","102.67092787638931","144.9573186285079","5.654311180114746","0.45263671875","0.472","false"
"guide_mode=manifold+scale=100+label=4+setting=present+iter=1+shrink_cond_x0=False+timesteps=50","present","1","manifold","100","50","4","0.6665","94.45029177892091","132.69417373664487","5.804809093475342","0.58349609375","0.425","false"
"guide_mode=manifold+scale=100+label=2+setting=present+iter=1+shrink_cond_x0=False+timesteps=50","present","1","manifold","100","50","2","0.7334","96.89392821836066","128.12645234332456","5.941900253295898","0.6552734375","0.263","false"
"guide_mode=manifold+scale=15+label=0+setting=present+iter=1+shrink_cond_x0=False+timesteps=50","present","1","manifold","15","50","0","0.5884","74.59049656568254","120.70557695132402","6.208023548126221","0.41162109375","0.576","false"
"guide_mode=manifold+scale=50+label=8+setting=present+iter=1+shrink_cond_x0=False+timesteps=50","present","1","manifold","50","50","8","0.8447","54.946181414908125","114.26070146544328","4.1790995597839355","0.5224609375","0.414","false"
"guide_mode=manifold+scale=50+label=6+setting=present+iter=1+shrink_cond_x0=False+timesteps=50","present","1","manifold","50","50","6","0.6211","79.30584018691013","137.37388842441624","5.008511066436768","0.5185546875","0.449","false"
"guide_mode=manifold+scale=50+label=4+setting=present+iter=1+shrink_cond_x0=False+timesteps=50","present","1","manifold","50","50","4","0.6919","81.8245532176233","129.1630531312112","5.7608866691589355","0.58740234375","0.472","false"
"guide_mode=manifold+scale=50+label=2+setting=present+iter=1+shrink_cond_x0=False+timesteps=50","present","1","manifold","50","50","2","0.6865","80.0945420103157","126.27190954906791","5.963140487670898","0.68896484375","0.25","false"
"guide_mode=manifold+scale=100+label=0+setting=present+iter=1+shrink_cond_x0=False+timesteps=50","present","1","manifold","100","50","0","0.5693","132.73109354555442","126.30630935481577","5.994152545928955","0.29541015625","0.49","false"
"guide_mode=manifold+scale=20+label=8+setting=present+iter=1+shrink_cond_x0=False+timesteps=50","present","1","manifold","20","50","8","0.8643","43.88540750943042","112.32707268957824","4.037432670593262","0.56689453125","0.476","false"
"guide_mode=manifold+scale=20+label=6+setting=present+iter=1+shrink_cond_x0=False+timesteps=50","present","1","manifold","20","50","6","0.6992","58.983930089125465","132.0651832004628","4.410915851593018","0.564453125","0.508","false"
"guide_mode=manifold+scale=20+label=4+setting=present+iter=1+shrink_cond_x0=False+timesteps=50","present","1","manifold","20","50","4","0.7158","70.06203186003296","126.55569739313704","5.48233699798584","0.61328125","0.502","false"
"guide_mode=manifold+scale=20+label=2+setting=present+iter=1+shrink_cond_x0=False+timesteps=50","present","1","manifold","20","50","2","0.6602","68.36845048263012","123.1888200811535","5.806461811065674","0.68017578125","0.329","false"
"guide_mode=manifold+scale=50+label=0+setting=present+iter=1+shrink_cond_x0=False+timesteps=50","present","1","manifold","50","50","0","0.5962","106.51033710924423","123.4539567650503","6.290955066680908","0.3408203125","0.512","false"
"guide_mode=manifold+scale=10+label=8+setting=present+iter=1+shrink_cond_x0=False+timesteps=50","present","1","manifold","10","50","8","0.8301","44.716244722384005","110.95178788958492","4.125598430633545","0.55615234375","0.506","false"
"guide_mode=manifold+scale=10+label=4+setting=present+iter=1+shrink_cond_x0=False+timesteps=50","present","1","manifold","10","50","4","0.6963","68.73646692022038","126.79213566989232","5.7604169845581055","0.6044921875","0.519","false"
"guide_mode=manifold+scale=10+label=6+setting=present+iter=1+shrink_cond_x0=False+timesteps=50","present","1","manifold","10","50","6","0.668","57.64237880448121","129.6749159546888","4.6751251220703125","0.5390625","0.561","false"
"guide_mode=manifold+scale=10+label=2+setting=present+iter=1+shrink_cond_x0=False+timesteps=50","present","1","manifold","10","50","2","0.6387","65.92576744821781","122.10851352312623","5.796759605407715","0.67138671875","0.386","false"
"guide_mode=manifold+scale=20+label=0+setting=present+iter=1+shrink_cond_x0=False+timesteps=50","present","1","manifold","20","50","0","0.6099","78.79077675665076","121.52106400032268","6.094606876373291","0.40771484375","0.538","false"
"guide_mode=manifold+scale=5+label=8+setting=present+iter=1+shrink_cond_x0=False+timesteps=50","present","1","manifold","5","50","8","0.7256","54.505937317441465","110.6715236173768","4.632910251617432","0.4912109375","0.527","false"
"guide_mode=manifold+scale=5+label=6+setting=present+iter=1+shrink_cond_x0=False+timesteps=50","present","1","manifold","5","50","6","0.5708","63.215190423858246","130.38562955023724","5.151576519012451","0.47998046875","0.59","false"
"guide_mode=manifold+scale=5+label=4+setting=present+iter=1+shrink_cond_x0=False+timesteps=50","present","1","manifold","5","50","4","0.6274","73.39478032699174","127.06555182919531","5.917344093322754","0.58642578125","0.553","false"
"guide_mode=manifold+scale=5+label=2+setting=present+iter=1+shrink_cond_x0=False+timesteps=50","present","1","manifold","5","50","2","0.5972","67.23870515814531","122.62711857034616","5.8363165855407715","0.64794921875","0.405","false"
"guide_mode=manifold+scale=10+label=0+setting=present+iter=1+shrink_cond_x0=False+timesteps=50","present","1","manifold","10","50","0","0.561","71.6069107770046","120.44842079008367","5.773829936981201","0.419921875","0.557","false"
"guide_mode=manifold+scale=1+label=8+setting=present+iter=1+shrink_cond_x0=False+timesteps=50","present","1","manifold","1","50","8","0.4102","93.62161636422157","113.66033234351949","6.189753532409668","0.33251953125","0.587","false"
"guide_mode=manifold+scale=1+label=6+setting=present+iter=1+shrink_cond_x0=False+timesteps=50","present","1","manifold","1","50","6","0.3213","89.6091428184605","136.46919659961543","6.136814594268799","0.38671875","0.618","false"
"guide_mode=manifold+scale=1+label=4+setting=present+iter=1+shrink_cond_x0=False+timesteps=50","present","1","manifold","1","50","4","0.4282","88.41555055169056","130.94435383928715","6.498045444488525","0.52783203125","0.585","false"
"guide_mode=manifold+scale=1+label=2+setting=present+iter=1+shrink_cond_x0=False+timesteps=50","present","1","manifold","1","50","2","0.4565","71.8658592797118","125.2027032375355","6.43469762802124","0.61669921875","0.449","false"
"guide_mode=manifold+scale=5+label=0+setting=present+iter=1+shrink_cond_x0=False+timesteps=50","present","1","manifold","5","50","0","0.4937","73.8201539867128","119.92761436658871","5.955692768096924","0.42822265625","0.584","false"
"guide_mode=manifold+scale=1+label=0+setting=present+iter=1+shrink_cond_x0=False+timesteps=50","present","1","manifold","1","50","0","0.3345","83.4988068065582","120.58489870477206","6.448562145233154","0.37451171875","0.615","false"
"guide_mode=manifold+scale=100+label=9+setting=present+iter=1+shrink_cond_x0=False+timesteps=100","present","1","manifold","100","100","9","0.7012","70.8867442045879","130.03068325160154","4.041843414306641","0.38037109375","0.598","false"
"guide_mode=manifold+scale=100+label=5+setting=present+iter=1+shrink_cond_x0=False+timesteps=100","present","1","manifold","100","100","5","0.6577","134.3920268651367","132.69393698766686","6.1942620277404785","0.5771484375","0.53","false"
"guide_mode=manifold+scale=100+label=3+setting=present+iter=1+shrink_cond_x0=False+timesteps=100","present","1","manifold","100","100","3","0.4648","106.60020013875372","130.5534061042398","6.326010704040527","0.388671875","0.558","false"
"guide_mode=manifold+scale=100+label=7+setting=present+iter=1+shrink_cond_x0=False+timesteps=100","present","1","manifold","100","100","7","0.7598","68.6547709872562","113.5066621318282","5.133763313293457","0.3984375","0.491","false"
"guide_mode=manifold+scale=50+label=9+setting=present+iter=1+shrink_cond_x0=False+timesteps=100","present","1","manifold","50","100","9","0.7471","56.83470394580792","125.29844655016666","3.5816125869750977","0.42529296875","0.614","false"
"guide_mode=manifold+scale=50+label=5+setting=present+iter=1+shrink_cond_x0=False+timesteps=100","present","1","manifold","50","100","5","0.7183","108.44102372310562","128.8967915936695","6.519444942474365","0.6015625","0.594","false"
"guide_mode=manifold+scale=50+label=7+setting=present+iter=1+shrink_cond_x0=False+timesteps=100","present","1","manifold","50","100","7","0.7642","57.51288790510455","111.76898471931725","5.019162654876709","0.45068359375","0.509","false"
"guide_mode=manifold+scale=50+label=3+setting=present+iter=1+shrink_cond_x0=False+timesteps=100","present","1","manifold","50","100","3","0.5674","72.09541221382779","128.1428335434042","5.870638370513916","0.47314453125","0.558","false"
"guide_mode=manifold+scale=100+label=1+setting=present+iter=1+shrink_cond_x0=False+timesteps=100","present","1","manifold","100","100","1","0.8784","53.71297621574229","128.0629699706975","3.4458913803100586","0.57470703125","0.397","false"
"guide_mode=manifold+scale=20+label=9+setting=present+iter=1+shrink_cond_x0=False+timesteps=100","present","1","manifold","20","100","9","0.7124","55.17131996635203","122.7500723980446","3.639368057250977","0.419921875","0.651","false"
"guide_mode=manifold+scale=20+label=5+setting=present+iter=1+shrink_cond_x0=False+timesteps=100","present","1","manifold","20","100","5","0.7573","84.12828518968382","123.89153144179863","6.41948127746582","0.57763671875","0.588","false"
"guide_mode=manifold+scale=20+label=7+setting=present+iter=1+shrink_cond_x0=False+timesteps=100","present","1","manifold","20","100","7","0.7031","53.42966526870464","110.40808998541333","5.19224214553833","0.47900390625","0.58","false"
"guide_mode=manifold+scale=20+label=3+setting=present+iter=1+shrink_cond_x0=False+timesteps=100","present","1","manifold","20","100","3","0.6504","52.99535732017682","126.87765554814835","5.286118984222412","0.54345703125","0.591","false"
"guide_mode=manifold+scale=50+label=1+setting=present+iter=1+shrink_cond_x0=False+timesteps=100","present","1","manifold","50","100","1","0.877","44.660261215436265","123.28971161915467","3.3250935077667236","0.626953125","0.472","false"
"guide_mode=manifold+scale=10+label=9+setting=present+iter=1+shrink_cond_x0=False+timesteps=100","present","1","manifold","10","100","9","0.6274","59.45016566419167","122.76654575670898","4.145814895629883","0.3740234375","0.678","false"
"guide_mode=manifold+scale=10+label=5+setting=present+iter=1+shrink_cond_x0=False+timesteps=100","present","1","manifold","10","100","5","0.7271","75.75029096684875","122.65551561000473","6.273828983306885","0.54248046875","0.627","false"
"guide_mode=manifold+scale=10+label=7+setting=present+iter=1+shrink_cond_x0=False+timesteps=100","present","1","manifold","10","100","7","0.5972","56.20873875954885","110.23556274082614","5.5715556144714355","0.4560546875","0.605","false"
"guide_mode=manifold+scale=10+label=3+setting=present+iter=1+shrink_cond_x0=False+timesteps=100","present","1","manifold","10","100","3","0.6167","52.166566961442584","127.0285336803089","5.371377468109131","0.544921875","0.602","false"
"guide_mode=manifold+scale=20+label=1+setting=present+iter=1+shrink_cond_x0=False+timesteps=100","present","1","manifold","20","100","1","0.8145","37.1530619326611","119.14327463559334","3.432640552520752","0.625","0.487","false"
"guide_mode=manifold+scale=5+label=9+setting=present+iter=1+shrink_cond_x0=False+timesteps=100","present","1","manifold","5","100","9","0.5176","71.59900280156313","125.10533625873336","4.858521938323975","0.3486328125","0.677","false"
"guide_mode=manifold+scale=5+label=5+setting=present+iter=1+shrink_cond_x0=False+timesteps=100","present","1","manifold","5","100","5","0.6416","74.06051034811787","122.54910288617155","6.3882246017456055","0.53515625","0.671","false"
"guide_mode=manifold+scale=5+label=7+setting=present+iter=1+shrink_cond_x0=False+timesteps=100","present","1","manifold","5","100","7","0.4941","63.848130103550034","112.46561555469587","6.102429389953613","0.4345703125","0.6","false"
"guide_mode=manifold+scale=5+label=3+setting=present+iter=1+shrink_cond_x0=False+timesteps=100","present","1","manifold","5","100","3","0.5444","56.031649568595185","127.31049360957422","5.603336334228516","0.537109375","0.613","false"
"guide_mode=manifold+scale=1+label=9+setting=present+iter=1+shrink_cond_x0=False+timesteps=100","present","1","manifold","1","100","9","0.2964","104.3934816120398","131.22352743690453","6.227677345275879","0.2333984375","0.73","false"
"guide_mode=manifold+scale=10+label=1+setting=present+iter=1+shrink_cond_x0=False+timesteps=100","present","1","manifold","10","100","1","0.7397","39.05651249532963","118.08355775679058","3.655925273895264","0.57861328125","0.548","false"
"guide_mode=manifold+scale=1+label=5+setting=present+iter=1+shrink_cond_x0=False+timesteps=100","present","1","manifold","1","100","5","0.4688","84.1711404669287","125.06848948895208","6.794130325317383","0.49658203125","0.658","false"
"guide_mode=manifold+scale=1+label=7+setting=present+iter=1+shrink_cond_x0=False+timesteps=100","present","1","manifold","1","100","7","0.3013","82.97468743068055","119.2361676871286","6.852135181427002","0.33740234375","0.637","false"
"guide_mode=manifold+scale=1+label=3+setting=present+iter=1+shrink_cond_x0=False+timesteps=100","present","1","manifold","1","100","3","0.3745","69.93695653599787","130.34312820515413","6.50626802444458","0.4873046875","0.649","false"
"guide_mode=manifold+scale=100+label=8+setting=present+iter=1+shrink_cond_x0=False+timesteps=100","present","1","manifold","100","100","8","0.8638","46.37347150435352","113.2264880445947","3.915642738342285","0.580078125","0.445","false"
"guide_mode=manifold+scale=5+label=1+setting=present+iter=1+shrink_cond_x0=False+timesteps=100","present","1","manifold","5","100","1","0.626","48.27889809849648","119.59001510352071","4.232821941375732","0.50390625","0.581","false"
"guide_mode=manifold+scale=100+label=4+setting=present+iter=1+shrink_cond_x0=False+timesteps=100","present","1","manifold","100","100","4","0.6978","75.22738571391187","129.07167497040882","6.060183048248291","0.60693359375","0.514","false"
"guide_mode=manifold+scale=100+label=6+setting=present+iter=1+shrink_cond_x0=False+timesteps=100","present","1","manifold","100","100","6","0.688","63.68417634382064","138.6853506360403","4.634495735168457","0.56396484375","0.498","false"
"guide_mode=manifold+scale=100+label=2+setting=present+iter=1+shrink_cond_x0=False+timesteps=100","present","1","manifold","100","100","2","0.6997","70.82200039409162","125.89054016696184","6.230615615844727","0.70703125","0.34","false"
"guide_mode=manifold+scale=50+label=8+setting=present+iter=1+shrink_cond_x0=False+timesteps=100","present","1","manifold","50","100","8","0.8765","40.10780730509191","111.71873496043054","3.6728575229644775","0.5986328125","0.472","false"
"guide_mode=manifold+scale=1+label=1+setting=present+iter=1+shrink_cond_x0=False+timesteps=100","present","1","manifold","1","100","1","0.3071","91.29909724844674","129.79977045218743","5.91947603225708","0.28955078125","0.64","false"
"guide_mode=manifold+scale=50+label=4+setting=present+iter=1+shrink_cond_x0=False+timesteps=100","present","1","manifold","50","100","4","0.7388","64.68072053824562","127.26885269473644","5.911029815673828","0.6484375","0.544","false"
"guide_mode=manifold+scale=50+label=6+setting=present+iter=1+shrink_cond_x0=False+timesteps=100","present","1","manifold","50","100","6","0.7427","51.96755475440301","135.43370915225705","4.236871242523193","0.59912109375","0.531","false"
"guide_mode=manifold+scale=50+label=2+setting=present+iter=1+shrink_cond_x0=False+timesteps=100","present","1","manifold","50","100","2","0.6782","62.396433203214485","124.86131715207593","5.86868953704834","0.71728515625","0.36","false"
"guide_mode=manifold+scale=20+label=8+setting=present+iter=1+shrink_cond_x0=False+timesteps=100","present","1","manifold","20","100","8","0.8359","40.376953115029096","110.92307315792571","4.001260757446289","0.59619140625","0.498","false"
"guide_mode=manifold+scale=100+label=0+setting=present+iter=1+shrink_cond_x0=False+timesteps=100","present","1","manifold","100","100","0","0.6143","92.45351519480084","123.77945873361092","6.492222309112549","0.3779296875","0.561","false"
"guide_mode=manifold+scale=20+label=4+setting=present+iter=1+shrink_cond_x0=False+timesteps=100","present","1","manifold","20","100","4","0.6851","62.85744767066751","126.96511657676228","6.0757527351379395","0.6259765625","0.573","false"
"guide_mode=manifold+scale=20+label=6+setting=present+iter=1+shrink_cond_x0=False+timesteps=100","present","1","manifold","20","100","6","0.7061","49.121787216639746","130.88745174677138","4.332840442657471","0.583984375","0.577","false"
"guide_mode=manifold+scale=20+label=2+setting=present+iter=1+shrink_cond_x0=False+timesteps=100","present","1","manifold","20","100","2","0.6431","59.398278032562814","123.7352330716178","5.9400739669799805","0.70849609375","0.395","false"
"guide_mode=manifold+scale=10+label=8+setting=present+iter=1+shrink_cond_x0=False+timesteps=100","present","1","manifold","10","100","8","0.7573","45.45861475517975","110.74001444729096","4.314906120300293","0.5322265625","0.526","false"
"guide_mode=manifold+scale=50+label=0+setting=present+iter=1+shrink_cond_x0=False+timesteps=100","present","1","manifold","50","100","0","0.626","73.55593938281942","122.694290482518","6.331586837768555","0.4384765625","0.575","false"
"guide_mode=manifold+scale=10+label=4+setting=present+iter=1+shrink_cond_x0=False+timesteps=100","present","1","manifold","10","100","4","0.6309","66.82509600715406","127.05115822532616","5.915742874145508","0.62646484375","0.601","false"
"guide_mode=manifold+scale=10+label=6+setting=present+iter=1+shrink_cond_x0=False+timesteps=100","present","1","manifold","10","100","6","0.6133","54.32789894375708","130.31473850379916","4.883126258850098","0.54931640625","0.621","false"
"guide_mode=manifold+scale=10+label=2+setting=present+iter=1+shrink_cond_x0=False+timesteps=100","present","1","manifold","10","100","2","0.5952","60.34358129011895","123.28614448658072","5.776232719421387","0.68994140625","0.444","false"
"guide_mode=manifold+scale=20+label=0+setting=present+iter=1+shrink_cond_x0=False+timesteps=100","present","1","manifold","20","100","0","0.5508","67.10468318481259","121.58043351648143","5.820497035980225","0.44384765625","0.591","false"
"guide_mode=manifold+scale=5+label=8+setting=present+iter=1+shrink_cond_x0=False+timesteps=100","present","1","manifold","5","100","8","0.6699","54.413569202018834","111.11902671779067","4.814300060272217","0.48486328125","0.576","false"
"guide_mode=manifold+scale=5+label=6+setting=present+iter=1+shrink_cond_x0=False+timesteps=100","present","1","manifold","5","100","6","0.5205","61.29732687233707","131.57712523780856","5.4688849449157715","0.484375","0.615","false"
"guide_mode=manifold+scale=5+label=4+setting=present+iter=1+shrink_cond_x0=False+timesteps=100","present","1","manifold","5","100","4","0.5625","71.62619088760175","127.72009851013934","6.187638759613037","0.5771484375","0.583","false"
"guide_mode=manifold+scale=5+label=2+setting=present+iter=1+shrink_cond_x0=False+timesteps=100","present","1","manifold","5","100","2","0.5444","61.43127698055571","123.48471131068482","6.057798385620117","0.67431640625","0.457","false"
"guide_mode=manifold+scale=10+label=0+setting=present+iter=1+shrink_cond_x0=False+timesteps=100","present","1","manifold","10","100","0","0.5","69.17769896818254","120.62837146853894","5.901806354522705","0.43701171875","0.596","false"
"guide_mode=manifold+scale=1+label=8+setting=present+iter=1+shrink_cond_x0=False+timesteps=100","present","1","manifold","1","100","8","0.376","90.87124925984811","116.80558897747846","6.40352201461792","0.3251953125","0.632","false"
"guide_mode=manifold+scale=1+label=6+setting=present+iter=1+shrink_cond_x0=False+timesteps=100","present","1","manifold","1","100","6","0.3101","85.39101570290211","137.09432777486916","6.5343403816223145","0.4013671875","0.661","false"
"guide_mode=manifold+scale=1+label=4+setting=present+iter=1+shrink_cond_x0=False+timesteps=100","present","1","manifold","1","100","4","0.394","85.49946182512468","131.51410099257782","6.899521827697754","0.5400390625","0.627","false"
"guide_mode=manifold+scale=1+label=2+setting=present+iter=1+shrink_cond_x0=False+timesteps=100","present","1","manifold","1","100","2","0.4331","67.98981273730044","125.1020168483102","6.5446248054504395","0.6376953125","0.473","false"
"guide_mode=manifold+scale=5+label=0+setting=present+iter=1+shrink_cond_x0=False+timesteps=100","present","1","manifold","5","100","0","0.4448","71.3248020731993","120.6981389260642","6.189011573791504","0.44287109375","0.597","false"
"guide_mode=manifold+scale=1+label=0+setting=present+iter=1+shrink_cond_x0=False+timesteps=100","present","1","manifold","1","100","0","0.3242","78.00081785709864","121.09511713500363","6.65110445022583","0.44482421875","0.63","false"